#{"t_start": 1628582083.4496994, "env_id": 0}
r,l,t-4.5.182739,70,53034.226501
4.201929,70,53048.3085
2.393495,70,53058.533499
0.731226,70,53072.169
4.892986,70,53083.0745
1.021542,70,53098.026499
-0.478877,70,53107.9735
0.588213,70,53122.0115
2.77528,70,53132.551001
3.00159,70,53146.579
1.091635,70,53160.9435
0.746419,70,53170.2695
3.233702,70,53184.798
1.024988,70,53196.237999
4.75382,70,53209.948
-0.048294,70,53222.030999
3.466446,70,53235.9795
2.30265,70,53245.6085
3.988013,70,53260.4095
-0.338818,70,53270.6215
0.480885,70,53284.429
4.194739,70,53298.4805
3.753718,70,53309.32
0.988666,70,53322.62
4.275682,70,53333.2015
3.691215,70,53346.933
0.580752,70,53357.842
1.426673,70,53372.798
-0.48701,70,53382.479501
0.140466,70,53396.135499
4.537328,70,53406.108
4.862451,70,53419.213498
4.221871,70,53433.636499
3.443089,70,53443.9
-1.332505,70,53458.491
4.913738,70,53469.314501
4.657686,70,53482.773
-0.819013,70,53492.504499
-2.390736,70,53506.005498
4.151311,70,53514.215998
0.433134,70,53527.723
5.105017,70,53537.4475
4.835935,70,53552.461
2.128942,70,53568.0835
-2.008669,70,53578.4515
-1.741386,70,53591.6615
4.954156,70,53602.227
-0.756101,70,53617.232
1.092224,70,53627.042999
4.775853,70,53641.9675
-1.270755,70,53652.360001
5.107446,70,53666.184
5.031559,70,53676.9085
4.194957,70,53691.041999
0.590493,70,53706.4145
3.576023,70,53717.0115
0.779031,70,53730.8415
0.936278,70,53740.8665
0.041113,70,53754.550999
-0.656054,70,53765.046
1.044529,70,53778.506999
3.359732,70,53788.0375
3.228775,70,53801.339
4.367012,70,53811.561
4.469698,70,53827.191
3.358125,70,53841.6055
4.483134,70,53852.249501
3.322709,70,53865.431499
2.485722,70,53876.628999
4.326952,70,53890.784
2.973952,70,53902.540999
4.379296,70,53916.3935
0.561004,70,53927.1535
3.989591,70,53941.39
-1.074493,70,53956.6595
1.934677,70,53969.421499
-0.179818,70,53986.424
0.381892,70,53998.0305
4.578749,70,54012.089
-4.180452,70,54023.574
0.283282,70,54036.841
0.36924,70,54047.7395
4.057269,70,54062.595
0.520382,70,54073.411499
3.566858,70,54087.004
4.059808,70,54103.5105
4.784808,70,54115.3995
3.407535,70,54129.6875
4.48562,70,54140.3495
3.777577,70,54154.324499
3.695721,70,54164.320499
0.589467,70,54179.325
1.93328,70,54189.261
1.170042,70,54202.963
3.638395,70,54214.726
3.764868,70,54228.552001
3.593699,70,54244.435
4.876019,70,54256.4295
4.65722,70,54272.361499
3.642178,70,54285.318
4.111656,70,54300.037
4.3144,70,54310.1575
1.088436,70,54324.389499
0.749895,70,54334.711
3.801109,70,54349.305
3.878886,70,54359.0655
3.25713,70,54374.4895
3.326708,70,54387.721
0.656774,70,54397.883
1.294175,70,54411.0795
0.465666,70,54422.051
0.818978,70,54436.583499
-0.673491,70,54447.271999
-0.707058,70,54462.838001
4.835581,70,54473.4895
3.706489,70,54487.8275
3.928515,70,54497.1095
-5.49067,69,54512.1715
4.546462,70,54525.587999
4.738677,70,54536.288499
4.752765,70,54550.7335
0.912346,70,54560.9305
2.052303,70,54576.647997
3.719861,70,54586.55
3.439411,70,54600.448
2.974118,70,54610.630499
3.249388,70,54624.218
3.815472,70,54635.816999
-0.574264,70,54650.441
1.414979,70,54664.031999
4.071628,70,54673.113
4.564767,70,54688.1385
2.095492,70,54699.4375
3.304552,70,54714.908
3.061314,70,54724.464999
4.204828,70,54738.477
3.974471,70,54748.328
0.871518,70,54762.3895
-2.466862,70,54776.6935
4.796061,70,54787.780998
1.574439,70,54803.6935
0.799894,70,54815.104
5.104643,70,54829.511999
0.84861,70,54839.879
-0.092793,70,54854.787
-0.936099,70,54865.012
0.541739,70,54879.9845
0.088726,70,54890.787
3.635402,70,54904.6175
5.056717,70,54918.098001
0.260867,70,54929.255499
2.449339,70,54943.605
1.399225,70,54953.9005
3.821061,70,54967.6545
3.310516,70,54976.8635
-0.051834,70,54991.1335
3.462249,70,55001.424501
5.030818,70,55015.4125
2.773529,70,55024.746
1.429402,70,55039.508499
5.005133,70,55054.9715
-3.191788,70,55065.5195
4.755322,70,55079.8935
0.178246,70,55091.092499
0.522099,70,55104.709499
2.522101,70,55114.373
-0.625146,70,55129.089
3.84186,70,55138.4025
1.265453,70,55151.632
1.771111,70,55162.9445
4.014402,70,55176.284
3.629316,70,55191.045
2.91363,70,55203.403
-2.163058,70,55217.4375
1.913807,70,55227.550999
4.496769,70,55243.184498
1.087018,70,55254.420501
4.133639,70,55269.593
3.099496,70,55280.6325
-0.792626,70,55296.0465
4.268209,70,55305.976
1.435434,70,55320.3315
-0.303305,70,55333.7975
-0.268799,70,55344.043
3.904601,70,55359.199999
-0.223765,70,55370.0425
5.154558,70,55385.0395
0.190318,70,55394.185
2.04244,70,55408.089
3.5161,70,55419.162501
-0.456036,70,55434.546999
4.777113,70,55445.0935
3.678271,70,55458.494
2.16193,70,55471.3145
4.81858,70,55482.077
3.100394,70,55495.0605
2.394431,70,55504.683
3.896456,70,55519.948
2.725683,70,55531.6035
0.638778,70,55547.120501
3.892739,70,55556.775001
4.832681,70,55571.224
3.094939,70,55583.556
3.884212,70,55595.007
0.122161,70,55609.141497
1.505912,70,55619.798
-0.464405,70,55635.014
1.043142,70,55645.299999
3.681573,70,55659.953499
3.659953,70,55671.136997
0.180546,70,55684.332
3.077822,70,55694.0565
-1.598022,70,55706.982498
-0.691901,70,55723.037499
3.023612,70,55732.7565
-1.174084,70,55748.525999
4.659736,70,55759.077
1.370085,70,55777.0245
4.278339,70,55788.372499
4.302192,70,55802.368499
3.585647,70,55813.563501
3.222601,70,55828.344
-0.675626,70,55840.4515
4.06241,70,55855.376999
-1.362925,70,55871.633
0.023909,70,55882.0425
4.473281,70,55896.3365
2.388338,70,55906.2745
3.1169,70,55920.728
4.359968,70,55929.7645
1.198425,70,55944.786499
-4.243009,70,55956.2585
5.016051,70,55971.6065
4.014776,70,55981.5805
0.264617,70,55996.9365
3.216133,70,56010.357
4.261208,70,56021.3125
-0.303828,70,56036.912001
-1.528391,70,56047.6185
4.542523,70,56063.534
4.618834,70,56074.446
3.829064,70,56088.7855
3.158006,70,56099.837001
-0.490023,70,56112.8215
3.519989,70,56124.724499
3.986834,70,56139.226
4.444826,70,56152.417
2.260094,70,56163.206999
4.955227,70,56179.255
4.295236,70,56189.206
4.321284,70,56204.054499
1.266309,70,56213.2425
1.138715,70,56228.014999
2.367301,70,56238.259001
3.241387,70,56252.942999
3.967145,70,56262.906
4.880098,70,56278.219498
4.555097,70,56291.3975
4.324238,70,56302.127997
4.959141,70,56315.9175
-0.138307,70,56326.8495
4.083426,70,56341.9085
0.215223,70,56354.103
-0.728626,70,56370.316
4.715819,70,56380.468499
0.943957,70,56394.939
4.693326,70,56411.156
2.98837,70,56425.275
2.160974,70,56449.45
5.245505,70,56463.8475
2.279656,70,56482.165999
2.21981,70,56494.944997
-2.069637,70,56510.861998
4.540765,70,56522.876499
2.08281,70,56538.3945
4.042133,70,56550.5165
-0.839553,70,56566.455499
-0.298589,70,56582.394999
4.738123,70,56595.2855
3.115409,70,56611.65
4.022173,70,56623.825
3.014167,70,56640.795497
4.18465,70,56654.323
3.610357,70,56671.369
0.110377,70,56681.5375
-0.041173,70,56697.130501
0.829118,70,56709.032
0.111346,70,56725.3065
4.119626,70,56741.074499
3.007189,70,56754.302
4.875446,70,56769.014
1.352235,70,56778.664
3.007962,70,56793.905501
-0.696936,70,56804.409997
3.85503,70,56820.2515
1.048294,70,56831.421999
0.221103,70,56847.869499
4.601406,70,56859.732001
2.312423,70,56876.373001
-0.230774,70,56891.8275
2.671689,70,56902.3875
4.883792,70,56916.890999
-1.691703,70,56928.910001
3.108032,70,56945.001999
2.261021,70,56955.426
2.708579,70,56971.69
3.13423,70,56983.952999
3.066069,70,56999.882
0.824594,70,57012.835499
4.281177,70,57028.4955
3.01181,70,57045.1245
4.29721,70,57055.6845
3.16076,70,57073.0785
2.959294,70,57084.808001
4.00048,70,57101.5255
-0.590244,70,57113.2315
4.060766,70,57130.1605
4.224982,70,57142.3035
1.931818,70,57159.596
4.078522,70,57170.9525
1.81358,70,57184.8355
-1.700746,70,57201.543001
4.612637,70,57213.975499
2.366023,70,57229.9665
2.094066,70,57242.165
4.828772,70,57259.2315
3.084825,70,57270.840999
-0.153725,70,57287.884
4.570712,70,57299.9255
4.07523,70,57316.9305
2.475632,70,57332.904
3.839941,70,57344.858998
4.275217,70,57360.568499
-1.05888,70,57373.739001
3.700489,70,57390.4
0.339901,70,57402.676
5.02134,70,57422.262
-2.611015,70,57432.611
1.841759,70,57448.593
2.007743,70,57458.752499
0.978676,70,57474.059
1.164417,70,57491.114499
1.700131,70,57503.249
3.548784,70,57520.017
3.836852,70,57533.114999
1.376972,70,57549.838499
2.440095,70,57563.148
4.141055,70,57578.038499
4.224941,70,57591.176001
-1.691476,70,57607.547
4.059873,70,57618.935
-1.821996,70,57634.7055
1.926948,70,57649.799497
0.934008,70,57661.0915
1.007442,70,57676.636499
3.251023,70,57687.1265
2.737529,70,57703.7615
4.059224,70,57716.096499
1.837937,70,57730.726
4.146852,70,57743.159
3.700266,70,57759.965
3.741561,70,57772.2075
0.543714,70,57789.966501
0.678425,70,57805.474
0.191835,70,57818.347
-0.505477,70,57834.556
3.108948,70,57849.595501
0.275362,70,57866.206999
4.34782,70,57878.525
3.46013,70,57894.659
0.745538,70,57907.497498
0.113539,70,57922.602999
4.439406,70,57935.5985
0.971867,70,57952.442
4.580549,70,57967.9825
2.712224,70,57981.689001
-0.237833,70,57997.286999
2.375494,70,58008.996
-0.804784,70,58024.823499
3.522878,70,58037.331
3.766759,70,58054.185999
4.357323,70,58065.5455
4.742572,70,58081.000999
-1.054304,70,58093.177
3.723277,70,58108.3615
3.193151,70,58124.154999
4.620296,70,58136.058501
2.014347,70,58153.8255
0.336418,70,58166.102999
4.034574,70,58182.4805
4.713461,70,58194.45
4.653492,70,58209.195999
4.101517,70,58221.5045
4.693989,70,58237.015001
1.682347,70,58253.278
4.096798,70,58264.428
4.431122,70,58279.3685
1.091178,70,58290.294
0.302346,70,58307.009501
0.690821,70,58318.8765
-0.60004,70,58335.5435
1.450604,70,58344.829999
3.50068,70,58362.717999
-2.420321,70,58373.7395
4.150001,70,58389.2075
2.966527,70,58405.59
4.78501,70,58418.0435
2.500028,70,58435.1595
3.853955,70,58447.8885
4.545792,70,58463.747999
2.261033,70,58474.801
3.41742,70,58490.764998
-1.844287,70,58503.695
3.64874,70,58519.847501
0.314177,70,58531.9745
4.269635,70,58549.053999
3.519694,70,58562.990499
1.060528,70,58574.674
4.034287,70,58591.4835
3.1631,70,58604.675999
0.225281,70,58619.931
2.371257,70,58632.1325
3.127552,70,58648.217999
4.746153,70,58661.32
4.428961,70,58676.734501
-3.112185,68,58688.200998
3.101502,70,58703.524999
4.522849,70,58720.7675
-0.748313,70,58731.529
2.384385,70,58747.110499
2.133287,70,58758.8705
-0.058043,70,58775.3285
3.32614,70,58787.8405
4.629239,70,58802.827
3.253827,70,58814.732999
3.256451,70,58832.0585
3.480132,70,58843.310499
3.948107,70,58860.84
-0.175604,70,58875.645
0.865798,70,58889.159499
4.078308,70,58905.047498
2.035908,70,58917.120499
4.655722,70,58936.178999
0.428053,70,58949.447
1.552746,70,58966.8885
4.252622,70,58978.4475
4.376402,70,58994.143501
0.705494,70,59006.207
4.212397,70,59022.254998
4.46006,70,59040.234997
3.411975,70,59050.660999
3.845277,70,59067.812001
4.278485,70,59080.706
0.84492,70,59097.581499
0.31878,70,59109.1845
1.202421,70,59124.8745
2.29147,70,59135.712
-1.154116,70,59152.8965
3.512268,70,59164.299499
0.07603,70,59178.262001
-1.687634,70,59193.373498
4.333632,70,59204.612
1.105125,70,59219.776999
4.149032,70,59232.402
-1.073701,70,59248.064
4.546248,70,59258.915999
3.16003,70,59274.707999
-0.332455,70,59284.954
4.438218,70,59300.9025
3.34207,70,59317.069501
0.629848,70,59329.282
3.29177,70,59346.338499
1.300594,70,59359.421
4.22197,70,59377.0035
4.274305,70,59389.585999
3.441233,70,59404.335999
0.102051,70,59417.2565
0.837825,70,59435.550499
1.241381,70,59447.0965
2.934069,70,59461.0095
4.50729,70,59477.596
4.487345,70,59489.510997
3.625696,70,59504.228
4.166651,70,59516.741001
3.740077,70,59534.137
-0.410197,70,59544.7005
3.753756,70,59562.457
3.671466,70,59571.783501
4.304504,70,59587.8305
3.475297,70,59600.524
2.582044,70,59616.0695
0.406892,70,59633.6335
4.220184,70,59644.7655
3.987766,70,59661.914999
4.358483,70,59673.3025
1.307621,70,59690.6345
4.352876,70,59703.566001
0.2522,70,59720.422999
4.320023,70,59733.1555
1.454912,70,59749.423999
4.842542,70,59763.962999
3.248895,70,59777.507999
3.655315,70,59793.009997
1.333178,70,59804.95
3.279993,70,59821.061499
3.573542,70,59834.296999
1.780394,70,59851.9195
-1.746133,70,59864.828499
0.90958,70,59881.568999
3.502614,70,59892.745499
3.979133,70,59910.215998
2.590316,70,59924.053
2.963497,70,59939.905999
1.190443,70,59957.391
3.783133,70,59971.954499
-0.580596,70,59987.9175
4.524671,70,59998.7145
2.511169,70,60014.591
3.111181,70,60029.0295
0.488005,70,60043.1555
4.902082,70,60054.934499
1.402011,70,60070.1205
4.168447,70,60080.335499
3.889565,70,60097.441502
4.303873,70,60114.601497
3.989735,70,60127.187
4.523748,70,60143.056999
3.745863,70,60154.897497
3.27029,70,60172.176499
4.334893,70,60184.876499
4.124628,70,60200.1575
-0.772895,70,60212.913501
0.841403,70,60228.4105
-2.04942,70,60244.952499
4.341155,70,60257.832
2.987477,70,60271.899
2.303488,70,60284.4755
1.009884,70,60298.513
0.281814,70,60308.573501
4.338226,70,60323.534001
1.734047,70,60337.3135
0.023259,70,60353.527001
2.309062,70,60363.723502
4.108499,70,60379.078001
0.410808,70,60396.278001
3.289512,70,60409.7595
1.832046,70,60426.676999
3.071419,70,60438.015501
4.372923,70,60455.362
3.577296,70,60467.812501
1.289961,70,60484.087999
-0.260551,70,60498.245999
4.365754,70,60515.819501
3.601328,70,60527.413
1.870484,70,60542.428
-0.322394,70,60560.013499
0.543541,70,60572.825
1.208357,70,60588.756999
2.756836,70,60601.344
-0.173936,70,60617.9365
3.214922,70,60630.152498
3.452701,70,60646.963999
-0.054961,70,60663.013
3.612062,70,60679.72
1.32862,70,60692.9215
4.187253,70,60707.431
3.167284,70,60725.3125
3.09623,70,60737.7005
0.538997,70,60755.463001
3.913365,70,60767.7835
2.273461,70,60784.977499
0.4698,70,60796.624501
2.483691,70,60811.668499
1.168437,70,60825.085001
4.643037,70,60841.331
1.068938,70,60856.628
2.148672,70,60873.387
4.033615,70,60891.2045
-2.404148,70,60903.561
3.671981,70,60920.586999
0.269521,70,60932.4555
1.497169,70,60949.3235
2.31662,70,60961.52
4.110431,70,60979.595499
2.359654,70,60992.058499
0.91785,70,61009.315001
3.802882,70,61022.7555
4.443088,70,61041.47
4.934784,70,61057.662999
3.906193,70,61068.281499
1.177714,70,61085.834501
2.857396,70,61096.296501
3.362945,70,61114.723
4.65632,70,61125.701
2.578544,70,61142.925
4.063395,70,61155.9035
2.806896,70,61173.629
4.381009,70,61191.757
-0.90221,70,61201.006499
0.786372,70,61218.509001
3.408905,70,61229.920499
4.424223,70,61246.333999
0.732949,70,61257.898
4.501423,70,61275.234
0.200801,70,61289.181499
3.399075,70,61306.444499
2.868202,70,61319.835
4.023741,70,61338.035501
4.711031,70,61355.410499
0.067591,70,61368.650499
0.938314,70,61385.6845
2.928951,70,61396.776999
4.14129,70,61414.1955
3.329387,70,61428.075
3.757766,70,61444.434998
3.607099,70,61457.793998
4.129496,70,61473.9555
0.178864,70,61485.4785
1.401106,70,61502.6805
1.389573,70,61518.067
0.572933,70,61530.079
-1.440256,70,61544.743498
-0.601292,70,61558.534999
4.350676,70,61573.774
-0.079888,70,61587.7255
1.42882,70,61603.571001
4.508447,70,61615.5745
4.460998,70,61634.169
2.231775,70,61647.7205
3.620014,70,61664.291
3.759598,70,61679.688
1.459798,70,61691.396001
4.376821,70,61708.387
2.512688,70,61720.352001
4.554626,70,61736.384499
2.300814,70,61749.108001
2.255681,70,61765.834501
3.325918,70,61775.622
3.859342,70,61791.863499
3.850666,70,61802.313499
3.575738,70,61819.3545
2.1181,70,61833.5835
1.305654,70,61844.373499
2.455236,70,61861.100001
0.83712,70,61872.540001
1.063207,70,61887.9605
4.695533,70,61899.372999
-1.459293,70,61914.544499
4.945872,70,61926.792
0.64685,70,61943.584999
-0.646161,70,61956.723499
4.134072,70,61973.965499
-1.979513,70,61991.216001
0.63407,70,62002.321
1.77416,70,62016.323
3.122042,70,62027.7405
1.29283,70,62045.53
5.033018,70,62056.195999
4.441134,70,62072.365
1.580319,70,62083.945501
3.683006,70,62099.517
3.034785,70,62113.124
4.526965,70,62124.1955
4.571513,70,62140.297001
1.606737,70,62150.419001
0.979736,70,62165.988
4.295178,70,62179.5505
4.44307,70,62195.5
0.747497,70,62207.085999
1.677034,70,62223.498
3.598116,70,62232.9585
3.970726,70,62247.3525
3.207146,70,62262.394
1.089368,70,62274.608001
3.764852,70,62290.0815
-1.773776,70,62301.957
4.034608,70,62318.739
3.775458,70,62330.3055
4.395681,70,62346.387
3.642091,70,62358.976999
0.81579,70,62373.2815
1.484554,70,62382.9155
2.874017,70,62396.471
0.616229,70,62411.049001
4.139548,70,62420.826
3.401273,70,62434.841999
3.836846,70,62444.701
4.472556,70,62459.695999
2.892487,70,62470.574
0.736465,70,62484.9855
3.947996,70,62496.419999
4.51826,70,62510.916999
4.041537,70,62522.3525
3.232251,70,62538.9125
0.154834,70,62553.9745
3.604135,70,62565.537
1.542958,70,62580.439
1.602076,70,62589.829999
4.37196,70,62606.554
3.53215,70,62615.745
4.866482,70,62630.947999
-0.343742,70,62641.509
1.240181,70,62656.4
-0.507898,70,62668.663999
-0.37977,70,62684.589
4.376641,70,62699.859499
0.655704,70,62711.513
-0.696017,70,62725.398
4.570953,70,62735.137
4.51668,70,62749.063999
4.473012,70,62760.009498
0.66995,70,62774.857
0.176051,70,62786.718
1.201789,70,62802.740999
-0.371205,70,62813.641997
2.492643,70,62829.7745
0.961582,70,62845.024
3.519081,70,62855.367001
3.968697,70,62871.8165
1.753381,70,62884.647999
1.854739,70,62899.655
0.095694,70,62911.8135
4.028005,70,62926.935
0.292917,70,62939.059
4.445946,70,62955.6915
4.311485,70,62973.665499
3.337264,70,62985.2155
4.531416,70,63001.768001
3.850782,70,63015.591
1.760148,70,63033.387501
3.430679,70,63044.788499
0.915632,70,63061.457
2.817364,70,63076.217999
0.807304,70,63092.140998
3.09336,70,63105.060001
4.021522,70,63122.421501
0.120482,70,63139.5915
4.307929,70,63152.3545
4.151505,70,63170.309
3.537059,70,63182.335001
4.658687,70,63199.31
1.404841,70,63210.6165
4.294669,70,63226.661999
4.590558,70,63238.17
4.497116,70,63254.866498
1.966661,70,63265.371001
4.302157,70,63281.2515
-0.081015,70,63299.3615
0.448897,70,63312.504001
1.000037,70,63329.016001
0.275783,70,63341.483
3.85034,70,63357.9255
0.328018,70,63372.0135
2.556964,70,63389.735
0.832171,70,63400.1415
3.857139,70,63415.84
1.750516,70,63427.214
2.504502,70,63442.165
2.204048,70,63459.351
4.114396,70,63472.34
4.42644,70,63489.494
0.94006,70,63502.6365
0.376052,70,63519.495499
3.300931,70,63530.961
1.054406,70,63548.035001
4.196509,70,63560.6605
-1.941319,70,63577.772
0.61035,70,63589.539001
2.566514,70,63606.029
3.757715,70,63623.6415
1.248004,70,63634.784
3.893785,70,63651.259501
1.997085,70,63663.057
3.136512,70,63677.7885
1.866422,70,63689.977
3.778795,70,63706.599
3.781448,70,63719.2995
-0.415,70,63736.818999
0.154193,70,63746.7395
3.147265,70,63760.803999
4.090754,70,63774.404
1.213834,70,63785.714
4.178594,70,63802.574
2.209819,70,63811.924
4.789348,70,63829.864
3.528944,70,63842.2825
1.557731,70,63858.3935
2.358494,70,63868.884
1.626483,70,63883.805501
0.601258,70,63899.623
4.078492,70,63911.071
4.096483,70,63928.083
4.643071,70,63940.4235
-0.085983,70,63956.0585
1.07868,70,63966.081
4.562131,70,63981.9435
0.818351,70,63992.328
1.42734,70,64006.0745
1.288812,70,64017.6695
2.755691,70,64032.268
1.804752,70,64047.117001
-0.627668,70,64057.464
3.030103,70,64071.226499
1.690613,70,64082.637999
3.182262,70,64097.336
1.273145,70,64108.442
4.003353,70,64123.9805
0.365251,70,64134.700999
3.393832,70,64147.563
3.493976,70,64158.555
0.448377,70,64174.73
0.698556,70,64189.999
4.276106,70,64200.229
2.479519,70,64214.547
4.102828,70,64224.532999
4.611119,70,64240.4935
3.227002,70,64250.8055
3.542215,70,64265.984499
3.078145,70,64276.608499
2.354771,70,64290.7395
0.972205,70,64301.586
0.394394,70,64316.322
2.040289,70,64330.1485
0.737043,70,64341.250999
3.657844,70,64356.556
2.249192,70,64366.545999
2.735224,70,64382.1915
1.06416,70,64393.8235
2.569916,70,64408.0085
3.862309,70,64418.761001
4.625813,70,64433.0365
3.533894,70,64444.5855
3.527208,70,64460.47
3.712276,70,64476.582999
1.575706,70,64485.6065
4.505012,70,64501.0435
4.730261,70,64512.724
3.562512,70,64526.7925
3.986163,70,64538.648999
4.84718,70,64554.0225
4.166233,70,64566.5275
0.56606,70,64582.7195
1.176631,70,64592.817001
-0.114318,70,64607.714
2.017894,70,64622.653
3.702699,70,64632.8235
3.880208,70,64649.509499
-0.573407,70,64661.549
3.688089,70,64677.0215
3.308585,70,64687.0365
2.321459,70,64701.8855
4.222512,70,64713.115
-0.268769,70,64729.4145
2.440292,70,64744.441001
4.72798,70,64756.308499
4.266496,70,64773.582999
4.67014,70,64785.164499
4.433346,70,64800.155
1.157121,70,64812.2565
-0.932856,70,64827.978001
1.915707,70,64839.291001
1.579579,70,64853.359
4.488851,70,64863.401
-1.359409,70,64878.8035
4.6641,70,64892.479999
0.719619,70,64904.577999
1.519406,70,64917.723999
1.213651,70,64928.659999
-0.698935,70,64943.585999
-0.331522,70,64955.720999
0.692892,70,64969.428001
4.223695,70,64981.584501
4.074796,70,64995.751999
3.566138,70,65007.169
3.743394,70,65022.4365
4.3263,70,65037.849998
3.330918,70,65048.906499
4.310435,70,65064.839
3.611063,70,65078.8395
0.799144,70,65094.117
3.966475,70,65105.0415
1.622863,70,65119.426499
1.851259,70,65130.068501
4.589541,70,65145.956499
2.326487,70,65156.329
-0.49922,70,65170.816499
0.242677,70,65188.0755
4.046774,70,65199.957999
3.675349,70,65215.283999
2.819235,70,65225.7035
4.608917,70,65240.1035
1.005294,70,65249.909
3.373807,70,65265.165
4.582995,70,65278.421
3.377763,70,65293.253999
4.12506,70,65304.327001
3.600468,70,65319.324
4.904204,70,65334.088497
4.135164,70,65345.128
4.239479,70,65358.522499
4.513183,70,65369.1895
1.875926,70,65385.278
4.533494,70,65397.228
0.773277,70,65411.953
1.723038,70,65423.625499
3.830415,70,65438.082
4.1114,70,65447.6095
4.042928,70,65462.4175
4.019309,70,65474.7995
2.524536,70,65485.065
-1.121171,70,65498.076
0.291482,70,65509.0845
0.64698,70,65523.774499
4.424054,70,65534.17
4.137819,70,65549.1685
0.544924,70,65560.9415
3.504912,70,65574.871999
2.882979,70,65589.885
-2.585999,70,65599.693999
0.34377,70,65613.006499
3.911863,70,65623.835
-0.638362,70,65637.4725
-1.399383,70,65648.797499
3.481619,70,65662.938
4.073101,70,65673.352
3.359948,70,65688.563
4.933355,70,65699.8085
2.702619,70,65713.5195
1.593202,70,65727.316
0.753696,70,65737.948499
2.271926,70,65753.128499
4.752863,70,65765.577
4.906133,70,65779.1405
3.693284,70,65790.7345
3.758637,70,65804.8585
4.485331,70,65814.685
3.472864,70,65828.235
2.916526,70,65837.7355
2.447903,70,65852.979499
1.705202,70,65867.227
2.635625,70,65876.8415
4.566636,70,65893.437
2.600895,70,65904.108999
4.164961,70,65918.332
4.755174,70,65929.491999
3.710327,70,65945.531
-0.685212,70,65957.815499
0.90292,70,65973.039999
3.709597,70,65983.1505
0.744455,70,65997.567001
3.128472,70,66010.968
1.932869,70,66020.023497
3.624053,70,66033.9605
4.696171,70,66043.967
0.683844,70,66058.9075
4.341009,70,66069.3955
3.944184,70,66082.169
3.78344,70,66093.1275
4.632164,70,66108.838
4.225204,70,66121.413999
3.336336,70,66136.496
-0.500699,70,66150.640001
4.541138,70,66161.8045
4.605573,70,66177.570499
1.314905,70,66186.565
0.606364,70,66200.358499
0.382716,70,66212.1735
3.588939,70,66226.166
0.908844,70,66236.0
1.148743,70,66250.323
2.950139,70,66261.850999
0.536576,70,66278.129501
3.784105,70,66291.3925
3.820254,70,66302.4765
2.945174,70,66317.662
3.469543,70,66328.677
0.266915,70,66342.0255
4.477539,70,66352.799
1.789105,70,66367.854
4.221053,70,66377.344501
4.508889,70,66390.366
0.182859,70,66405.3745
2.511158,70,66417.6375
4.093655,70,66432.2255
2.232846,70,66443.6515
4.213569,70,66457.755
-0.398653,70,66469.822
4.584203,70,66485.562
4.96985,70,66496.158
4.739943,70,66510.1945
4.570156,70,66519.667
-0.699233,70,66533.984
-0.100294,70,66548.279501
1.136959,70,66561.539501
0.829234,70,66577.942
4.258675,70,66587.87
1.32354,70,66602.703999
-3.254146,70,66612.396
1.667483,70,66626.5715
3.717132,70,66637.373
4.533904,70,66653.2665
3.750697,70,66663.9005
4.769263,70,66678.6405
-3.713768,67,66692.895
4.424305,70,66705.106499
3.353493,70,66718.93
4.194527,70,66729.845498
4.642633,70,66746.3375
3.586859,70,66756.4275
5.100323,70,66771.186999
3.465592,70,66779.969499
4.612457,70,66794.590501
4.763548,70,66806.6295
3.222442,70,66821.205
4.613981,70,66835.517498
2.135938,70,66846.086
3.771758,70,66861.654999
4.035825,70,66872.943001
2.148137,70,66888.2255
-0.679486,70,66897.9305
1.699425,70,66913.0075
4.070335,70,66922.655
4.721459,70,66937.460999
3.009388,70,66948.495
2.776067,70,66963.201
1.072952,70,66976.531999
-0.018918,70,66986.047999
0.967161,70,67000.535999
4.625357,70,67011.0755
4.517081,70,67026.76
3.838523,70,67036.521999
4.344462,70,67050.6005
4.027917,70,67060.417
4.633214,70,67074.8235
3.842208,70,67085.382999
-0.822199,70,67099.9495
4.329727,70,67115.3575
2.806279,70,67126.461
4.59081,70,67142.458
-0.282403,70,67153.060501
-0.247682,70,67169.790001
2.241825,70,67181.531999
-1.240015,70,67197.2635
3.176005,70,67208.993002
1.270221,70,67224.9705
3.954547,70,67237.583
-0.686672,70,67252.546
2.376572,70,67267.3165
2.777515,70,67277.4425
2.730565,70,67291.7635
0.612181,70,67302.3135
-1.986629,70,67315.818
3.773812,70,67325.850499
3.33079,70,67342.464999
2.797922,70,67353.369
-0.535568,70,67368.2565
4.554694,70,67380.0705
1.094071,70,67396.838
4.453163,70,67414.655999
1.78756,70,67427.3715
3.819629,70,67445.734001
3.723659,70,67458.960499
3.366451,70,67474.874
0.907675,70,67485.439501
3.247533,70,67501.9205
4.135482,70,67511.616499
2.557473,70,67527.406
-0.865045,70,67542.282
1.868174,70,67552.8735
4.279963,70,67567.182
2.921591,70,67577.737001
1.068802,70,67593.977501
-0.560304,70,67606.395
4.753247,70,67623.4205
3.252058,70,67635.1305
0.765687,70,67652.363
0.3943,70,67662.705999
3.96456,70,67680.1505
4.603492,70,67697.788
0.98393,70,67708.996
3.129194,70,67729.7525
3.73824,70,67744.275101
0.946704,70,67762.655999
1.247102,70,67777.5655
3.921575,70,67798.452999
-1.107738,70,67810.3335
0.864863,70,67831.145999
2.474279,70,67849.8525
4.524671,70,67873.4785
1.813979,70,67895.2385
2.852033,70,67909.407999
0.763598,70,67927.188
2.308179,70,67942.0965
4.609311,70,67959.678499
0.652052,70,67971.2665
4.010845,70,67988.2585
1.61194,70,67999.251
4.438606,70,68015.092498
4.61094,70,68028.257
1.973831,70,68044.483999
4.371543,70,68060.327999
3.552596,70,68072.2445
2.310845,70,68088.571998
2.147542,70,68099.7835
-0.157047,70,68115.346498
2.11664,70,68125.731999
1.221655,70,68141.845997
1.318496,70,68154.296999
0.575069,70,68170.956
4.547328,70,68183.864501
1.730425,70,68200.2285
4.822376,70,68215.787999
4.059438,70,68227.428998
5.018862,70,68244.922501
3.933985,70,68258.058
0.008821,70,68276.091499
4.685054,70,68289.529499
2.642925,70,68304.693499
3.3377,70,68316.252497
1.411632,70,68333.04
4.280312,70,68346.212
4.617333,70,68363.963001
2.208013,70,68381.524501
1.177858,70,68393.101999
0.60716,70,68410.999999
-0.800966,70,68423.812501
1.185966,70,68440.292001
1.968511,70,68451.321999
0.439556,70,68466.618499
4.113374,70,68478.9235
3.852552,70,68496.9735
3.059697,70,68514.290997
1.184567,70,68526.342999
4.573706,70,68541.666
0.295799,70,68552.5585
3.088943,70,68567.995499
3.510075,70,68579.878
4.253179,70,68594.317999
3.422182,70,68605.354
4.033188,70,68621.7335
1.177701,70,68633.628
1.59425,70,68649.576998
3.851273,70,68664.672499
1.500331,70,68676.563
3.589063,70,68692.708
3.850835,70,68704.788999
3.413714,70,68719.661499
0.410582,70,68732.934
4.212874,70,68749.258
-0.133923,70,68761.95
4.578458,70,68777.931497
3.325403,70,68788.018999
3.287571,70,68804.726999
1.402586,70,68820.407
3.169828,70,68830.8525
3.137538,70,68846.260998
2.641361,70,68857.2535
3.827379,70,68872.742499
-0.665354,70,68885.4285
4.652184,70,68902.895499
3.822503,70,68914.559999
1.740646,70,68929.602
0.651727,70,68940.485998
2.334379,70,68956.732501
2.491132,70,68974.733499
4.291043,70,68986.0445
-0.898838,70,69003.415499
2.868083,70,69015.517
1.080834,70,69030.257
5.016569,70,69044.024999
1.274865,70,69060.532
4.077435,70,69075.430499
4.357445,70,69091.991499
4.772143,70,69104.1445
1.357694,70,69120.451
4.909951,70,69137.372997
4.409995,70,69148.288499
-0.824353,70,69166.9975
0.267503,70,69180.251
1.965369,70,69196.106001
3.731244,70,69207.6095
1.849143,70,69224.068499
4.193691,70,69236.4845
4.783867,70,69254.1935
0.313744,70,69267.1755
4.907763,70,69285.293999
4.849686,70,69301.7365
4.777043,70,69313.494499
4.310427,70,69330.740998
1.815422,70,69342.036998
4.944563,70,69357.804497
4.194505,70,69369.733499
2.136581,70,69385.350497
4.540522,70,69397.027
1.586326,70,69414.2485
0.91086,70,69430.217499
4.654357,70,69442.8585
0.763922,70,69459.810501
0.523818,70,69470.5465
1.980379,70,69486.1985
2.691964,70,69496.814001
0.425284,70,69512.5745
0.701617,70,69526.257499
4.874999,70,69544.016001
3.235261,70,69556.944
2.281198,70,69572.693
1.594036,70,69587.788999
3.210496,70,69598.7495
4.629635,70,69614.634001
4.08798,70,69627.368497
3.689486,70,69642.452
1.933571,70,69652.8485
0.620644,70,69668.865499
4.547927,70,69681.608997
1.190207,70,69698.1485
1.73809,70,69710.131001
1.277629,70,69725.141999
3.566572,70,69739.540999
2.974661,70,69751.2105
1.413371,70,69768.778499
0.953744,70,69780.851
0.670913,70,69795.2525
0.134303,70,69807.376999
0.790301,70,69824.467
4.344591,70,69836.181
4.037193,70,69852.771001
1.126282,70,69865.507
4.450171,70,69881.696
5.098864,70,69898.499
3.745075,70,69910.2185
4.795365,70,69927.9135
4.338875,70,69941.0145
-1.548163,70,69957.1455
1.35992,70,69968.546499
2.144727,70,69984.396001
2.849919,70,69996.2695
1.173834,70,70011.674
3.038342,70,70022.774499
3.929553,70,70039.2385
3.880659,70,70055.575
3.696418,70,70068.056
3.490609,70,70084.317
0.933091,70,70096.063
4.691901,70,70111.854
4.234183,70,70122.4125
3.80223,70,70138.025
0.830407,70,70148.901
3.949108,70,70167.682499
2.716404,70,70180.42
1.282199,70,70196.961
3.66859,70,70212.6345
3.971511,70,70225.2815
3.121663,70,70241.1625
3.238622,70,70252.330999
4.91186,70,70267.945999
4.690347,70,70280.964499
3.174745,70,70297.072501
3.226232,70,70308.2255
4.595985,70,70324.3925
3.31994,70,70341.207497
3.147797,70,70352.333001
4.409225,70,70366.731001
0.689826,70,70378.978
-0.286991,70,70394.5995
0.719808,70,70407.6145
-1.029177,70,70423.929
2.179712,70,70434.998
0.791098,70,70449.7525
1.227827,70,70461.0605
1.635974,70,70476.6635
3.686172,70,70492.478499
0.280377,70,70503.064499
2.941571,70,70518.898
2.385672,70,70530.406
0.373659,70,70546.311998
4.249737,70,70557.4115
2.527299,70,70573.021
1.536719,70,70584.41
4.734037,70,70600.111
3.975004,70,70611.612
4.00962,70,70626.581001
0.600455,70,70642.8515
0.789137,70,70653.649501
3.776702,70,70670.455498
5.161308,70,70681.724
4.796407,70,70699.284998
1.214034,70,70711.1625
4.295936,70,70727.881997
0.408622,70,70740.9145
4.584993,70,70758.5185
2.093914,70,70770.713999
4.671119,70,70788.208999
1.585632,70,70804.356
3.528628,70,70816.596001
3.527775,70,70832.473001
0.029499,70,70844.986499
2.379679,70,70862.7035
3.882287,70,70873.849
3.723558,70,70889.180001
3.860878,70,70900.943499
4.765082,70,70915.956999
1.762263,70,70928.879498
0.043599,70,70942.8175
0.176291,70,70958.3145
4.533474,70,70971.208498
3.755624,70,70987.6475
0.201939,70,71000.687501
4.680934,70,71015.9505
3.803752,70,71029.490999
4.040643,70,71046.6305
1.855171,70,71058.398499
3.390526,70,71075.611
4.213206,70,71087.048999
4.440232,70,71103.3085
1.978532,70,71119.313999
3.231082,70,71132.695
3.986423,70,71149.976
4.931225,70,71162.031
4.019358,70,71178.3255
1.636477,70,71192.0465
4.624578,70,71207.911
4.704383,70,71220.438999
3.596803,70,71233.7705
4.629026,70,71249.607499
-0.109577,70,71259.283499
4.798235,70,71274.473999
2.926008,70,71287.681
2.971407,70,71303.927499
-0.77595,70,71314.651501
4.089755,70,71331.881
2.244959,70,71342.78
2.630341,70,71359.1015
4.174796,70,71372.0815
5.155787,70,71388.622999
1.625908,70,71406.348999
0.863927,70,71418.354
4.820386,70,71433.280499
2.383658,70,71446.2545
3.68034,70,71463.331001
3.765204,70,71474.352
1.802027,70,71490.1705
1.500346,70,71501.960497
4.010442,70,71517.7225
2.045594,70,71528.163
1.310348,70,71544.772501
4.827171,70,71560.1185
4.831494,70,71572.394999
4.54917,70,71587.4445
4.288349,70,71597.489501
4.23309,70,71613.827501
0.697734,70,71624.870998
2.934452,70,71639.913
-1.460698,70,71651.430999
1.48651,70,71666.723
4.77165,70,71678.487501
-1.340091,70,71693.948
4.360813,70,71709.544999
4.232044,70,71722.048999
2.86204,70,71738.327
4.982094,70,71749.867999
3.751097,70,71764.95
4.0025,70,71775.778999
3.888072,70,71792.98
4.056916,70,71803.529499
2.43093,70,71818.97
1.591532,70,71831.489499
4.845744,70,71846.9645
3.265646,70,71862.648499
1.908525,70,71874.4105
4.923539,70,71891.831
4.658665,70,71903.9445
3.628444,70,71918.241001
3.617427,70,71930.317
3.955024,70,71946.686
1.523386,70,71959.982999
3.542325,70,71976.847999
0.655226,70,71988.055501
2.439107,70,72003.195
0.738882,70,72019.244001
3.931126,70,72029.4085
1.564081,70,72044.3325
3.520207,70,72055.0945
0.62053,70,72068.827
1.123389,70,72080.356999
2.717294,70,72095.571
4.083119,70,72107.611
0.39882,70,72123.6585
3.428524,70,72140.544499
4.843328,70,72152.659499
1.942861,70,72167.751
0.38659,70,72179.29
4.270542,70,72195.785501
4.555642,70,72207.8495
4.180366,70,72222.692499
4.874146,70,72233.4855
2.704688,70,72249.338
4.041018,70,72260.2695
0.561972,70,72275.634001
1.080923,70,72290.270998
4.131737,70,72302.071001
3.228416,70,72318.2685
4.15553,70,72330.6445
4.566231,70,72347.069499
0.501559,70,72358.8295
4.179728,70,72374.813999
-1.83415,70,72385.293
2.962331,70,72400.366499
3.460715,70,72413.49
4.657353,70,72428.0435
4.663352,70,72444.2755
4.211869,70,72456.663001
1.904693,70,72471.667497
4.642253,70,72483.582499
3.949365,70,72499.4735
1.325351,70,72511.160001
0.885177,70,72527.711499
3.702943,70,72540.984001
0.896836,70,72557.3915
3.873204,70,72568.887
4.770031,70,72585.079499
2.790472,70,72601.7065
4.395859,70,72615.671999
0.374914,70,72629.397499
0.341695,70,72641.8625
3.41931,70,72657.0565
3.907903,70,72667.3825
3.42117,70,72684.2325
2.265803,70,72697.086
4.61239,70,72712.5595
1.175843,70,72723.0275

-3.53373,60,49805.476
4.01392,60,49819.615
0.986323,60,49828.321
-0.269427,60,49841.854499
-3.874097,60,49852.0195
2.918228,60,49865.475499
-0.418043,60,49874.441999
-2.474408,60,49887.755
3.281767,60,49897.4425
3.963167,60,49911.122999
-3.230786,60,49920.894499
-2.558571,60,49930.936
-3.397453,60,49945.330999
-3.181961,60,49954.206
-2.291985,60,49967.907998
-2.298692,60,49977.1315
-1.787822,60,49991.513499
2.86747,60,49999.680498
-1.78729,60,50013.733999
-1.183842,60,50024.176999
2.931051,60,50037.329999
2.201694,60,50046.672499
-0.679101,60,50060.503
3.800365,60,50069.3555
4.059208,60,50081.800501
2.286712,60,50090.621
2.919321,60,50099.069999
4.303881,60,50111.9495
-2.826553,60,50120.3615
3.265979,60,50133.319999
3.998819,60,50142.579499
-2.666905,60,50154.4315
2.646757,60,50163.474
3.60873,60,50176.273999
3.598884,60,50185.090499
3.092852,60,50198.394999
-2.458969,60,50206.688999
3.740479,60,50220.815498
-2.635874,60,50230.400499
-0.817335,60,50244.574999
-2.041912,60,50253.702499
3.876236,60,50267.184999
-3.934749,60,50277.6055
3.375471,60,50287.763
3.501795,60,50300.1915
-2.109598,60,50308.8815
-2.520109,60,50321.7455
3.131649,60,50329.981999
3.78674,60,50343.0615
-3.01165,60,50352.184999
-2.223996,60,50365.824
2.629458,60,50375.906499
-3.157395,60,50389.660999
2.239264,60,50399.5595
3.432941,60,50413.3015
3.473568,60,50423.069
1.73952,60,50436.004999
3.306841,60,50446.266999
-2.779099,60,50455.4175
3.397972,60,50468.115999
1.57824,60,50478.323999
-3.212604,60,50492.0135
-2.103414,60,50501.839499
3.883025,60,50513.640998
3.033282,60,50522.5375
-0.791129,60,50536.1535
3.737439,60,50545.714498
-0.54194,60,50558.5965
3.196883,60,50566.792999
1.704662,60,50581.221998
-0.894795,60,50590.315499
3.702694,60,50602.678998
2.048797,60,50610.919999
-2.441098,60,50623.449499
-2.76394,60,50633.052999
3.659787,60,50642.325498
2.974212,60,50656.8125
-2.060725,60,50667.1815
0.983924,60,50680.3725
3.487214,60,50689.762498
3.04365,60,50703.0425
2.196392,60,50713.420999
3.684854,60,50726.2765
-3.320527,60,50735.814999
-0.146789,60,50749.093999
4.313589,60,50758.373499
2.395562,60,50772.307999
0.490489,60,50781.1465
-2.549646,60,50793.332999
3.659002,60,50803.922
3.678948,60,50812.386499
-1.008516,60,50824.419998
2.954335,60,50834.5375
-3.023531,60,50848.310499
3.64328,60,50857.746499
2.709983,60,50871.165999
0.410054,60,50880.087999
-2.458414,60,50892.744
0.20518,60,50901.056499
-0.710539,60,50915.047
3.488363,60,50924.782998
2.549983,60,50939.0875
3.394004,60,50947.991998
-0.212478,60,50960.843
3.567365,60,50971.0375
-2.373311,60,50985.568498
-4.763502,60,50995.2515
3.097777,60,51003.864998
-1.798911,60,51017.0615
-3.138877,60,51025.5095
-2.799584,60,51038.374499
-2.338244,60,51047.388999
3.560283,60,51060.084
2.373393,60,51069.208999
-2.64932,60,51082.845999
-3.064258,60,51092.229998
3.457857,60,51104.719999
3.923297,60,51114.6005
4.010231,60,51127.981499
1.92757,60,51137.663499
-0.712543,60,51151.388499
-3.493783,60,51161.2915
3.55337,60,51170.082999
-2.867857,60,51182.202
2.939348,60,51191.825999
-2.382934,60,51206.487999
2.535902,60,51216.249999
3.947245,60,51230.538
-4.535223,60,51240.673999
-3.517266,60,51253.902499
-0.380368,60,51263.204
3.099716,60,51277.503999
1.451988,60,51287.013499
-2.413268,60,51299.653996
-3.694617,60,51309.84
3.247312,60,51321.385999
3.023682,60,51329.467
-3.883602,60,51342.388499
-0.410134,60,51351.570499
3.584574,60,51361.340497
-1.135031,60,51373.507999
-1.200566,60,51381.807499
2.907896,60,51394.6695
-0.468666,60,51403.318999
4.008413,60,51415.8015
2.432313,60,51424.950498
2.665985,60,51437.963499
-3.545777,60,51448.2175
4.248929,60,51462.393
3.531785,60,51469.918999
3.143938,60,51482.574
-0.857633,60,51491.138999
3.443902,60,51504.2335
0.816189,60,51513.421
3.27181,60,51522.942999
1.754303,60,51536.0845
3.44658,60,51545.1965
-3.227023,60,51558.185499
2.077827,60,51566.414497
0.816965,60,51580.502498
2.506063,60,51590.7765
-3.604639,60,51603.711499
-3.584407,60,51612.742999
3.169325,60,51626.659999
-3.433063,60,51637.174499
3.917886,60,51650.975
2.117437,60,51661.815
3.804226,60,51675.594999
3.628782,60,51685.583
3.734339,60,51698.9085
-1.779465,60,51707.225498
-0.951889,60,51716.188
3.632034,60,51731.0585
2.207161,60,51740.9295
2.236515,60,51752.609499
3.848326,60,51762.5495
3.482619,60,51774.863499
-4.030183,60,51783.895999
-1.754987,60,51797.647999
-2.770055,60,51806.162499
2.853445,60,51819.895999
2.263616,60,51829.082
2.870213,60,51842.3285
4.039628,60,51851.757
1.668921,60,51866.123999
3.188394,60,51876.309499
3.787352,60,51886.7715
-0.267546,60,51899.277
-0.204908,60,51909.421499
2.964167,60,51921.790499
-1.572892,60,51930.830499
2.938985,60,51943.2985
3.837499,60,51952.292999
3.410618,60,51967.947996
1.512487,60,51975.7655
-3.163161,60,51988.139999
-0.869346,60,51998.275499
3.013283,60,52011.624999
-4.420871,60,52021.5975
1.264492,60,52034.973498
3.155354,60,52043.949499
-0.508291,60,52055.546999
-0.607505,60,52065.041
3.295025,60,52074.699999
3.672878,60,52088.4425
4.051668,60,52098.369999
-3.095661,60,52112.978499
3.492175,60,52123.365499
2.293574,60,52135.355499
2.759457,60,52144.51
3.512918,60,52157.932499
4.114537,60,52166.7295
1.86139,60,52182.102999
-3.228342,60,52191.8735
3.552781,60,52206.9725
3.236183,60,52216.135499
-3.676929,60,52228.146999
3.338702,60,52238.285499
2.71754,60,52246.897
2.355746,60,52260.348
-4.067104,60,52270.417499
2.617334,60,52283.399498
0.275914,60,52292.721999
-2.915213,60,52307.100499
-3.518548,60,52316.518999
-1.473482,60,52330.2875
2.758877,60,52339.086
-2.909177,60,52352.335
1.104193,60,52362.653499
-3.62683,60,52376.9365
2.294254,60,52386.804999
-1.917672,60,52399.654999
2.04145,60,52409.292501
-0.944378,60,52423.335498
3.915188,60,52432.640499
3.709618,60,52442.420499
2.868358,60,52455.576
3.769619,60,52466.0935
3.821998,60,52480.936
3.092934,60,52490.860998
-2.645549,60,52504.672499
3.80797,60,52513.160999
1.726784,60,52525.791999
-2.943035,60,52536.687997
-0.403072,60,52550.266
-4.146943,60,52558.8265
-2.565188,60,52572.0295
3.511558,60,52581.093499
2.973608,60,52594.950501
3.605409,60,52605.098499
-2.536046,60,52614.971999
-1.538762,60,52629.509498
2.832856,60,52638.5515
-1.178575,60,52652.5355
3.878298,60,52661.997498
3.629072,60,52675.552999
-1.42021,60,52686.2985
3.602319,60,52699.706998
3.560702,60,52710.193499
3.515909,60,52723.7475
0.734855,60,52732.263999
-3.127835,60,52745.957
2.104405,60,52754.4965
3.014517,60,52767.783499
3.782005,60,52778.069499
3.848189,60,52793.661
-2.863936,60,52804.550998
-1.881014,60,52812.625998
1.650439,60,52827.032999
-2.948933,60,52836.904999
0.08139,60,52849.5185
-2.222593,60,52859.165999
2.153664,60,52872.863
-2.342908,60,52880.887999
-0.072493,60,52894.1745
3.193615,60,52903.801498
0.665598,60,52915.606
2.939427,60,52925.3715
-2.513335,60,52939.690499
2.07697,60,52949.3475
3.89586,60,52962.162999
-2.775326,60,52971.9705
3.528349,60,52983.2875
3.994528,60,52997.363499
3.733691,60,53006.909499
3.950355,60,53020.358997
0.460709,60,53029.246499
35.991498
2.124839,45,29342.539
2.036373,45,29349.082996
-2.607666,45,29358.7925
-5.415285,45,29366.174
2.25748,45,29376.6665
2.354622,45,29384.318
2.265062,45,29390.715999
-3.309047,45,29401.714999
1.294188,45,29407.9955
-5.302723,45,29414.700499
-6.488606,45,29426.0795
-5.07508,45,29432.699499
2.375901,45,29438.539999
-3.934049,45,29449.4935
-5.983232,45,29456.166
1.345737,45,29463.040498
1.631243,45,29472.9965
-0.246122,45,29478.500497
1.756951,45,29485.796499
-5.278183,45,29495.319499
-5.268391,45,29501.2325
-2.953413,45,29507.7045
-5.214361,45,29517.516999
-2.364897,45,29524.087999
-5.290238,45,29534.449001
2.385894,45,29540.6175
2.361289,45,29546.7225
2.840908,45,29558.068
2.430095,45,29564.623999
-5.134493,45,29570.852
1.033983,45,29582.315002
1.637172,45,29588.270999
2.498926,45,29594.4775
-6.135981,45,29604.857
0.386836,45,29611.5965
1.647999,45,29617.631999
2.28926,45,29628.682499
2.710535,45,29635.2885
1.452589,45,29641.614498
2.040737,45,29652.026
-8.570073,45,29659.2005
2.501385,45,29670.0445
-4.962773,45,29676.466
1.968983,45,29683.415
0.921871,45,29694.141
0.2525,45,29700.6475
-5.902862,45,29707.519999
-6.288048,45,29717.044499
2.292368,45,29722.735499
2.183345,45,29728.732
2.697455,45,29739.345499
2.098323,45,29746.277
1.409725,45,29752.6885
1.839156,45,29762.763497
0.681801,45,29768.752
1.881331,45,29774.6195
2.698567,45,29784.871
1.59236,45,29791.3105
0.608267,45,29797.37
1.354669,45,29807.7175
-6.320156,45,29814.6085
1.652584,45,29824.6805
-0.114613,45,29831.1695
2.191671,45,29838.099499
2.223776,45,29848.927998
0.9305,45,29855.489
-5.316682,45,29862.201998
1.962111,45,29872.031498
1.984304,45,29877.814999
-6.821405,45,29885.465
2.601956,45,29895.858999
2.40892,45,29902.5805
1.075592,45,29908.591001
2.561339,45,29919.1415
0.640737,45,29925.8965
2.327778,45,29932.8525
2.27138,45,29943.088
1.539272,45,29950.606
2.032922,45,29961.2485
-7.895695,45,29968.571999
1.923293,45,29974.019
1.733168,45,29985.373498
2.600676,45,29992.5955
2.477337,45,29999.012
-7.426701,45,30009.183499
2.736019,45,30015.602499
-4.997606,45,30022.463501
2.028421,45,30031.843497
-7.989526,45,30037.635
-5.246742,45,30043.44
2.537872,45,30054.9635
-6.407555,45,30061.281
2.643697,45,30067.315998
2.362597,45,30078.962
2.632147,45,30084.866998
1.727746,45,30090.560999
1.697423,45,30101.080499
-2.168226,45,30108.237999
-2.123046,45,30118.7945
-2.730214,45,30125.852999
1.431926,45,30131.513999
-3.001723,45,30142.405498
2.20111,45,30148.808999
1.999215,45,30155.3155
2.577839,45,30166.125
1.098581,45,30172.0855
-6.693109,45,30178.595
-2.044148,45,30189.571997
2.259068,45,30196.3165
2.674881,45,30202.451499
-4.824641,45,30213.0865
1.74512,45,30219.912501
0.644749,45,30227.534498
2.30743,45,30237.477999
2.328268,45,30244.787
2.370767,45,30255.525499
0.761696,45,30261.952499
0.278797,45,30268.559498
-5.871085,45,30279.221
1.028217,45,30285.3435
-7.294384,45,30290.7275
1.81798,45,30301.2225
2.168425,45,30307.873
2.29201,45,30314.497
1.399155,45,30325.530999
2.583852,45,30331.928
-1.883894,45,30338.032999
-3.847796,45,30348.5705
1.865682,45,30356.018999
-8.597537,45,30362.212499
2.327751,45,30373.1015
2.40107,45,30378.9775
2.381488,45,30388.99
2.777266,45,30395.973999
-5.253443,45,30402.708
1.758674,45,30413.3025
-7.288465,45,30419.468998
2.540298,45,30426.498999
0.944142,45,30437.075499
-5.553517,45,30443.744498
-0.420565,45,30451.097499
-4.6896,45,30460.9655
1.766538,45,30467.2005
-0.376651,45,30474.286
-3.413479,45,30484.375999
1.862323,45,30492.264499
2.158983,45,30499.359
2.304292,45,30509.155999
2.891698,45,30516.376499
-7.926093,45,30524.478
-6.659159,45,30534.684
2.350386,45,30540.948998
0.335191,45,30551.7865
2.488885,45,30558.785
-0.982112,45,30564.703999
2.41857,45,30575.5235
2.063936,45,30582.569499
2.542319,45,30590.6455
-4.598886,45,30603.013999
1.893432,45,30610.132999
2.734846,45,30616.914999
-3.116513,45,30627.467
1.346933,45,30635.3095
1.451307,45,30642.458
-8.404806,45,30654.157
2.122772,45,30661.3445
-4.576455,45,30667.887
0.132657,45,30678.1605
0.567703,45,30684.9365
2.215451,45,30696.335998
2.415481,45,30702.698
2.463633,45,30710.075
-5.252585,45,30719.976
1.507038,45,30727.2125
1.536383,45,30733.0835
2.040991,45,30743.748499
-7.885017,45,30751.126499
2.408632,45,30757.0585
1.929801,45,30767.404999
2.500749,45,30773.8485
-2.392277,45,30780.151
2.417136,45,30791.9375
2.629412,45,30799.683999
2.570344,45,30807.3075
1.654268,45,30817.5175
1.768809,45,30823.589999
-5.024421,45,30830.829499
1.91665,45,30841.6515
-5.108852,45,30848.0715
-5.485597,45,30857.862
-6.885087,45,30864.3165
2.35604,45,30871.5045
2.970698,45,30882.0315
2.349695,45,30889.819499
-3.190769,45,30896.2355
-5.811703,45,30906.704999
2.619968,45,30912.9595
2.844238,45,30919.8355
-1.430299,45,30930.8125
1.642392,45,30937.117
2.714505,45,30943.710999
1.795684,45,30954.198499
0.20817,45,30961.129
1.880103,45,30968.121
-7.507606,45,30979.011999
0.133066,45,30986.108
-5.033328,45,30996.7505
-5.875868,45,31003.487999
2.371006,45,31009.5785
2.387396,45,31020.031999
2.232699,45,31026.3045
2.590593,45,31033.4245
2.758315,45,31043.6925
-5.807287,45,31050.5435
2.485443,45,31057.123
-6.862039,45,31067.288999
2.033591,45,31074.244498
1.820299,45,31080.458998
2.313392,45,31091.286999
1.998191,45,31097.431
-0.630665,45,31103.843999
-4.526007,45,31114.3215
2.77061,45,31121.325999
-3.303582,45,31127.792499
2.417685,45,31139.100999
-2.186998,45,31144.984998
2.532795,45,31156.2775
2.350654,45,31163.423
2.602889,45,31170.7215
1.868286,45,31182.040997
2.811777,45,31189.882499
2.18954,45,31197.1585
-5.754559,45,31206.864
2.368724,45,31214.327999
2.317255,45,31220.8265
-8.689094,45,31231.5045
2.701419,45,31238.703499
2.729456,45,31245.091499
2.890181,45,31256.136
1.925537,45,31261.952
-8.074185,45,31269.0725
0.682386,45,31279.340999
2.681915,45,31286.1705
2.333682,45,31298.339
-8.677787,45,31305.601
-1.31341,45,31312.100999
2.594152,45,31322.2045
2.09708,45,31329.15
0.741414,45,31335.291
2.31835,45,31346.914499
-4.349705,45,31354.315998
-7.542848,45,31360.722
1.779449,45,31372.2
-6.282152,45,31378.813999
2.559101,45,31386.731499
2.05573,45,31396.2885
2.164404,45,31403.9755
2.864003,45,31411.4325
2.099612,45,31421.863
2.596814,45,31429.418999
2.161335,45,31439.9825
1.967522,45,31446.472999
-1.950811,45,31454.3965
1.399801,45,31465.277
2.200812,45,31471.843
2.382945,45,31478.837499
-7.892221,45,31488.799999
-3.842948,45,31494.856998
2.264429,45,31501.6595
2.115502,45,31511.548498
-4.934568,45,31518.802999
-8.375774,45,31525.604
2.256729,45,31536.2585
-6.349193,45,31542.637
2.789204,45,31549.812
2.285954,45,31560.207998
2.365512,45,31566.432
-5.678647,45,31572.946499
2.42699,45,31583.2505
-5.881025,45,31589.589
0.961569,45,31601.418
2.152242,45,31607.34
2.212453,45,31613.6795
2.147387,45,31624.034999
-5.583651,45,31631.7275
1.909643,45,31638.624499
2.880242,45,31648.504
-4.575624,45,31655.036499
1.666113,45,31662.0555
2.48552,45,31673.0235
-7.610536,45,31678.787
-4.646294,45,31684.412999
1.946255,45,31695.687998
-5.530691,45,31701.46
-9.281015,45,31708.779
1.446139,45,31718.8765
-4.920554,45,31725.899
-6.841356,45,31737.101998
-7.946832,45,31744.449999
-4.574217,45,31750.745
1.940538,45,31761.365
1.284422,45,31767.605499
1.941405,45,31774.921
0.168253,45,31785.4085
2.471572,45,31792.256
2.476527,45,31798.847499
-6.046555,45,31808.5595
2.792965,45,31815.2495
1.882416,45,31822.2165
-6.580805,45,31831.574
-1.109984,45,31838.109499
1.416578,45,31846.020499
-7.795101,45,31856.376498
-5.392694,45,31862.932998
1.678771,45,31869.164
-4.960858,45,31879.896498
2.377623,45,31885.9
-0.812682,45,31896.656999
2.296723,45,31902.873999
-6.733627,45,31908.697499
2.583692,45,31919.703998
2.595545,45,31925.526999
2.292107,45,31932.3135
2.269678,45,31943.608498
1.311133,45,31949.702998
1.599423,45,31956.828498
-1.785984,45,31967.585
-1.725188,45,31974.491
-7.294789,45,31980.548
2.780534,45,31990.829999
2.011142,45,31996.735
2.226032,45,32002.716
-2.98313,45,32012.956
-1.708464,45,32019.6815
-5.465849,45,32029.993999
-6.841231,45,32036.471498
2.38806,45,32043.013999
-6.114523,45,32054.139
2.047116,45,32060.697
1.553783,45,32066.8595
-0.973306,45,32077.2795
-8.271273,45,32083.89
-3.393716,45,32090.208
-0.686219,45,32100.034
1.725516,45,32106.029499
-6.308955,45,32112.8695
2.333785,45,32123.134
0.750902,45,32129.339497
1.762523,45,32135.5615
2.203566,45,32145.6545
2.46764,45,32151.5815
1.695219,45,32157.869
2.161827,45,32168.432999
-7.043448,45,32175.953999
1.836838,45,32187.269
2.671789,45,32194.359
2.187895,45,32202.0895
0.85089,45,32213.9165
2.968292,45,32220.988
2.111703,45,32228.045
-5.176087,45,32239.627498
2.040348,45,32246.724499
2.162934,45,32253.5865
2.989772,45,32265.58
1.246072,45,32274.173
2.061215,45,32284.4835
-6.481197,45,32297.231999
-2.063028,45,32304.998001
2.475585,45,32312.734
-3.173805,45,32323.199001
-4.954265,45,32330.3195
-8.826072,45,32342.072
2.459135,45,32349.041
2.568119,45,32355.2125
2.126002,45,32365.7695
-0.398053,45,32372.562999
2.53144,45,32379.729499
-2.483934,45,32392.445
-2.753199,45,32399.3775
1.834492,45,32408.229001
1.998902,45,32420.865
2.297295,45,32427.41
-3.699717,45,32434.743
2.794203,45,32446.8125
-1.830397,45,32453.992
2.613137,45,32460.9555
-1.277344,45,32473.687999
-6.476381,45,32480.298001
2.646922,45,32492.65
-4.522265,45,32500.159
-5.78889,45,32507.0365
1.323367,45,32518.597
2.643596,45,32524.949
-0.541465,45,32532.06
1.578061,45,32543.958
-7.235943,45,32551.543001
-5.271559,45,32558.572
2.493972,45,32570.6275
-5.308341,45,32577.3795
-6.681882,45,32585.314
1.866448,45,32598.444501
0.712241,45,32605.4175
2.714627,45,32612.7775
-1.443166,45,32625.168999
-4.425936,45,32631.8095
-6.55472,45,32639.362
2.381743,45,32651.4895
-5.90054,45,32658.195
2.584271,45,32670.629499
1.590645,45,32678.34
2.015807,45,32684.946
2.856629,45,32696.240999
2.219695,45,32702.8965
-3.943323,45,32709.723
0.893617,45,32720.259
1.373573,45,32727.0215
2.480254,45,32732.758
-7.023068,45,32744.351
-0.502406,45,32751.4
-7.524699,45,32757.8415
2.663943,45,32769.0825
0.998999,45,32776.496999
2.584569,45,32783.7665
2.409722,45,32794.0255
-0.665333,45,32801.3155
1.338933,45,32812.205499
2.309436,45,32818.597998
1.484114,45,32825.9375
2.408929,45,32836.462499
1.790209,45,32843.193
-5.017745,45,32849.738
-2.220182,45,32860.5295
2.32126,45,32868.8515
-1.802393,45,32875.07
1.410387,45,32886.458999
-1.390502,45,32894.679
-3.194838,45,32902.8175
-6.157063,45,32918.672499
2.377826,45,32926.5215
2.319527,45,32934.691499
1.0241,45,32949.017
2.115744,45,32956.956
2.103727,45,32965.3505
-4.666365,45,32979.305
-6.713433,45,32988.082
2.636252,45,33003.481498
-2.253946,45,33011.856999
2.421179,45,33019.4795
1.307579,45,33033.783
1.561603,45,33041.7945
-3.408322,45,33049.401499
2.080484,45,33065.5385
2.230214,45,33072.9495
2.816218,45,33081.039
-6.196933,45,33094.9475
2.350565,45,33102.9695
-4.122353,45,33111.751
2.170038,45,33126.562
-4.972413,45,33133.742001
1.836004,45,33142.9555
2.300239,45,33158.4735
-0.414171,45,33166.1905
2.569948,45,33181.0015
2.604639,45,33190.266999
-1.246574,45,33198.432
1.533075,45,33212.612999
-4.83826,45,33220.9225
-0.542556,45,33228.838
2.759985,45,33244.2955
-3.450256,45,33251.897
-6.296274,45,33258.121
2.52433,45,33268.4585
1.93697,45,33278.8375
2.22163,45,33290.878002
2.137744,45,33305.7165
1.798763,45,33312.559999
1.657766,45,33320.497
2.710898,45,33335.330999
-5.03277,45,33342.287
1.536013,45,33350.978999
-1.425506,45,33366.3195
-5.226814,45,33374.211
2.676673,45,33388.125
-6.439159,45,33396.943
-7.192026,45,33405.3235
-2.007732,45,33421.146
-8.113643,45,33431.055001
-5.979876,45,33440.839
2.107651,45,33457.598501
-7.825432,45,33466.270998
2.168895,45,33475.4215
2.074108,45,33489.376499
2.599691,45,33497.003999
2.872049,45,33504.380498
2.857843,45,33516.793999
0.645025,45,33524.981999
1.842309,45,33531.3205
-5.066224,45,33541.556
2.729341,45,33547.097999
-6.590113,45,33556.339996
2.113735,45,33562.405499
1.656635,45,33569.571999
-1.397494,45,33583.362999
2.296452,45,33591.286
2.271678,45,33599.587499
2.543881,45,33611.8925
1.851881,45,33619.367997
2.024707,45,33627.128499
0.022024,45,33638.906
1.858745,45,33645.756999
1.615764,45,33653.0035
-7.855113,45,33665.063499
2.273129,45,33672.165999
1.569472,45,33679.807
2.001982,45,33691.897
2.200337,45,33699.6425
-0.322766,45,33711.467499
-7.198515,45,33719.104999
2.413576,45,33726.411
1.676024,45,33738.637
-3.525002,45,33745.4625
2.343176,45,33752.967
2.061048,45,33763.7965
-2.645154,45,33770.773998
1.946384,45,33778.0255
-7.930295,45,33789.611
2.162897,45,33796.675999
0.981467,45,33804.404
59.072001
1.450654,30,10767.555501
0.413253,30,10772.640001
1.208156,30,10776.670501
-8.98594,30,10781.156001
1.375693,30,10784.745999
0.505998,30,10793.2635
1.528566,30,10797.7815
-5.769586,30,10801.932001
-7.17615,30,10806.085501
0.196764,30,10814.724001
1.027885,30,10819.089001
0.655652,30,10823.567001
1.3088,30,10828.601001
-5.653965,30,10836.474501
-5.422806,30,10840.327501
1.408742,30,10844.2165
-8.319569,30,10848.254001
1.370266,30,10856.675001
-1.359614,30,10860.543001
0.473515,30,10865.715001
-1.32599,30,10869.664001
-4.738763,30,10873.828001
0.438917,30,10881.388001
1.356905,30,10885.827
-10.96723,30,10890.117001
1.190938,30,10894.9555
1.380613,30,10903.265501
1.290855,30,10907.2715
1.328463,30,10911.172501
0.609258,30,10915.187001
0.642748,30,10923.087001
1.487449,30,10927.786001
-3.887956,30,10931.724501
0.129919,30,10935.686001
1.709438,30,10943.913501
-5.184744,30,10947.707
0.411249,30,10951.639001
0.749267,30,10955.726001
1.392869,30,10959.504501
1.805777,30,10966.9875
1.469989,30,10970.595001
1.254374,30,10974.840501
0.339186,30,10978.835
0.471291,30,10986.9735
1.644566,30,10991.663
-7.473315,30,10995.6375
0.947998,30,10999.662501
-6.478558,30,11008.1085
0.519916,30,11012.4665
-6.697743,30,11016.859501
1.441113,30,11020.950001
1.417455,30,11024.933501
1.021443,30,11032.7045
1.400608,30,11036.6265
1.195661,30,11041.201001
-2.36169,30,11045.654001
0.590234,30,11053.405999
1.744263,30,11057.604501
1.099316,30,11061.348001
0.6655,30,11065.729999
1.22571,30,11073.759
1.213104,30,11077.871
0.782915,30,11083.281501
0.518123,30,11087.782501
1.675293,30,11096.860001
1.425404,30,11100.643
0.843469,30,11104.545501
0.873606,30,11108.9465
1.020581,30,11113.751
0.307131,30,11121.6325
0.350343,30,11125.632999
0.522111,30,11130.074001
1.231173,30,11134.393501
-2.651339,30,11143.062499
1.620184,30,11147.023001
-2.067185,30,11151.497001
1.107125,30,11155.216
0.760726,30,11162.965001
1.047458,30,11167.7865
1.436958,30,11172.604499
1.502696,30,11176.229501
1.032537,30,11185.323499
1.378235,30,11189.299001
-4.01314,30,11193.197001
1.889991,30,11197.566001
0.262212,30,11202.114499
1.023588,30,11210.781999
1.487484,30,11215.476501
1.06783,30,11220.0545
-0.002393,30,11224.055499
0.972772,30,11232.2765
0.877574,30,11237.132
1.197931,30,11240.899501
-6.665942,30,11245.287499
-10.858585,30,11253.421499
-9.126388,30,11257.695001
-9.038525,30,11261.502999
-10.627127,30,11265.776
1.217414,30,11274.201
0.92516,30,11278.961501
1.161588,30,11283.919
1.300427,30,11288.1355
0.982973,30,11291.941001
1.433229,30,11300.393501
0.461251,30,11304.260501
0.635323,30,11308.207001
-9.328815,30,11312.509998
0.755349,30,11320.751001
1.079542,30,11325.658001
1.265628,30,11330.276501
0.830593,30,11334.630501
1.334309,30,11343.203
1.209302,30,11347.054501
0.950274,30,11350.589501
-2.947598,30,11354.527501
-7.800635,30,11358.456501
1.41463,30,11366.059501
-10.326958,30,11369.659
1.049579,30,11374.362501
1.467823,30,11378.5865
-8.365572,30,11386.9375
1.44638,30,11391.391
1.841803,30,11396.177501
1.57104,30,11400.238501
-8.790267,30,11409.181499
1.278665,30,11413.055499
0.550962,30,11417.545
0.715711,30,11422.368501
1.546498,30,11431.057499
0.104227,30,11435.530998
-2.332743,30,11439.108001
1.477573,30,11443.572001
1.428817,30,11447.2695
-7.057138,30,11455.685501
1.525156,30,11459.676501
1.516201,30,11464.0395
1.43463,30,11468.068501
0.768763,30,11476.836001
0.901572,30,11481.125501
1.069801,30,11484.7935
1.648498,30,11489.623501
1.515454,30,11498.139501
0.672496,30,11502.317
-3.663861,30,11506.765999
0.798032,30,11511.173501
1.116164,30,11518.9975
0.897644,30,11523.938501
1.331422,30,11527.8475
1.316257,30,11532.579501
-2.752151,30,11536.579501
1.079947,30,11545.295001
1.212872,30,11550.016001
0.681013,30,11554.572001
1.140093,30,11559.268501
1.457648,30,11568.061001
-6.74668,30,11572.002001
-3.31701,30,11576.597501
-3.040558,30,11581.229501
1.24581,30,11588.860501
1.138705,30,11593.0285
-5.313074,30,11597.100001
1.479594,30,11601.693001
1.473183,30,11610.077001
1.552747,30,11614.231001
1.167621,30,11618.730001
1.600644,30,11622.7555
1.490982,30,11627.083501
1.518341,30,11634.947999
1.446514,30,11639.154501
1.456354,30,11642.954001
-8.227622,30,11647.451501
1.564662,30,11655.678999
1.657476,30,11659.688001
0.32545,30,11663.737501
1.282508,30,11667.788501
1.126842,30,11675.6525
1.145774,30,11680.088501
-3.498129,30,11684.316001
1.704379,30,11688.842501
-10.248756,30,11692.771501
1.203952,30,11701.245001
-5.941043,30,11705.879
-0.179938,30,11710.871501
-4.289197,30,11715.343
1.679239,30,11722.906501
0.380845,30,11727.417499
-2.377962,30,11731.552501
1.232914,30,11736.089001
1.710571,30,11744.044001
0.237071,30,11747.901
1.430954,30,11751.943
-10.538427,30,11756.419001
1.021465,30,11764.516001
1.531883,30,11769.421001
0.759003,30,11774.179501
1.408279,30,11778.393
-10.312509,30,11783.016
1.060191,30,11791.316001
1.764967,30,11795.331001
1.303852,30,11799.789501
1.405095,30,11804.5405
-1.135713,30,11813.635001
1.583139,30,11817.350501
0.568915,30,11821.777
1.849631,30,11825.948
1.604628,30,11834.251498
1.218483,30,11838.212501
1.211256,30,11842.373499
1.620983,30,11846.430498
1.403877,30,11854.255001
-8.489272,30,11858.622
-2.162717,30,11862.206
-7.542189,30,11866.8945
1.274116,30,11870.996
-1.253441,30,11879.381001
1.775665,30,11883.365001
1.445757,30,11887.350501
1.152131,30,11891.606501
1.19866,30,11899.3375
0.935716,30,11903.767501
1.603538,30,11907.9015
-7.038203,30,11911.487501
1.142007,30,11919.982501
1.195698,30,11924.394501
1.556171,30,11928.674999
1.305029,30,11933.006501
1.422023,30,11941.401
1.707549,30,11946.089001
1.564809,30,11949.921001
1.715014,30,11953.659001
0.678911,30,11957.75
1.244301,30,11967.1465
-6.200779,30,11972.207
1.304747,30,11976.861501
1.039362,30,11981.355501
1.122931,30,11989.922001
1.412555,30,11994.949501
-7.983594,30,11999.9095
1.404879,30,12004.366001
-2.551561,30,12012.758501
0.558109,30,12017.230001
-4.75001,30,12021.809501
1.278141,30,12026.038001
1.091823,30,12030.449
1.724617,30,12039.523001
0.711293,30,12043.4445
-0.075415,30,12047.38
-5.162446,30,12051.145
-9.387022,30,12059.220001
1.001966,30,12063.508
1.640745,30,12067.947001
1.117557,30,12072.534001
1.483679,30,12080.180501
1.420734,30,12084.565501
1.647978,30,12088.458001
1.600936,30,12093.3165
1.430938,30,12100.875
1.155857,30,12105.236501
1.593431,30,12109.227002
1.452318,30,12113.755501
1.215904,30,12117.909499
-8.978648,30,12126.3105
0.694344,30,12131.496501
1.003389,30,12136.241501
1.637842,30,12140.252001
1.061082,30,12148.280001
0.139548,30,12153.160001
0.718878,30,12157.2585
1.281319,30,12160.8645
1.325363,30,12168.905
1.081643,30,12172.934501
1.239774,30,12177.031501
-8.300678,30,12180.9195
0.875144,30,12189.652
-10.119699,30,12193.597501
1.267748,30,12197.458501
0.094464,30,12202.022501
1.691836,30,12205.948001
1.003481,30,12213.575501
-10.520297,30,12218.268502
1.557107,30,12222.015
-1.72318,30,12226.096002
1.560843,30,12233.912001
1.496291,30,12238.601501
-4.086956,30,12243.005001
1.275045,30,12247.590501
1.642584,30,12255.387001
-1.99905,30,12259.6765
-0.331051,30,12263.857001
-10.468318,30,12268.590501
1.606979,30,12277.377501
1.715421,30,12281.595
-3.158493,30,12285.555501
-7.699577,30,12289.962
1.154419,30,12294.6685
1.418912,30,12303.035
1.113211,30,12306.9195
0.916891,30,12311.159001
-0.104222,30,12314.517499
1.756089,30,12323.575001
1.489976,30,12328.586501
1.143223,30,12332.455
1.311917,30,12336.933001
-5.340338,30,12344.588001
-4.35709,30,12348.4745
1.153598,30,12353.678001
0.855132,30,12358.097501
0.891891,30,12362.074501
1.05269,30,12370.334501
1.141799,30,12374.806499
1.217767,30,12378.778001
1.165904,30,12383.6005
-3.237879,30,12392.296
0.823231,30,12396.696001
1.003477,30,12401.226001
-2.203777,30,12405.362001
1.043914,30,12413.028001
0.770604,30,12416.8865
1.558288,30,12420.281002
1.100837,30,12424.864001
0.807885,30,12433.089
1.487604,30,12437.4775
1.363697,30,12442.169501
1.406144,30,12446.437001
1.570984,30,12450.994501
1.851383,30,12458.494501
1.628175,30,12463.4365
1.47219,30,12467.8505
0.658531,30,12471.581499
1.153749,30,12479.412002
1.418241,30,12483.509001
-4.468117,30,12488.013
-9.60892,30,12492.273001
1.881628,30,12500.765999
0.07906,30,12505.0995
1.091793,30,12508.7395
1.163451,30,12512.719
0.748359,30,12520.440501
1.134575,30,12524.068001
1.494274,30,12527.833501
-9.250293,30,12532.061
0.486889,30,12536.0195
-5.310617,30,12543.559501
-8.523648,30,12547.084501
0.388214,30,12551.768001
1.664828,30,12555.740999
1.127628,30,12564.0305
1.521847,30,12568.320501
1.535329,30,12572.863499
1.376382,30,12576.904001
1.007414,30,12584.8735
1.349217,30,12588.6065
0.934651,30,12593.132001
0.811315,30,12597.797501
-0.782585,30,12607.057001
1.022055,30,12612.037
1.638567,30,12616.264501
1.306999,30,12620.685
1.17069,30,12625.365001
1.178535,30,12633.778
0.839039,30,12637.716001
0.479816,30,12642.087001
1.579019,30,12645.945501
0.938195,30,12653.748
0.551966,30,12657.916
1.559701,30,12661.892001
1.64596,30,12666.1365
0.831751,30,12673.995501
-2.110157,30,12678.552
0.531735,30,12682.870502
1.459263,30,12687.619
1.177991,30,12692.127
-6.668764,30,12700.3505
1.283073,30,12704.843001
0.256109,30,12709.444501
-9.629839,30,12713.704501
-4.285242,30,12721.670499
-7.08783,30,12725.623
1.331504,30,12729.226501
-2.529737,30,12733.318
1.363678,30,12741.352501
0.413155,30,12745.607001
1.447074,30,12749.646501
1.667735,30,12753.435001
-0.351946,30,12761.780001
-2.051159,30,12765.690501
0.894911,30,12769.542501
1.473282,30,12773.193498
1.914779,30,12776.637999
1.657913,30,12785.023999
1.283485,30,12788.968997
1.840383,30,12793.475501
1.699513,30,12797.8915
1.547701,30,12806.0755
1.544724,30,12810.071001
1.031504,30,12814.584001
1.065424,30,12818.1105
1.48696,30,12825.865
0.415519,30,12829.611501
0.782405,30,12833.640999
1.428236,30,12837.717
0.160717,30,12845.9375
1.226024,30,12849.615001
-8.049861,30,12853.434001
1.546935,30,12857.130001
0.712085,30,12861.314499
-2.507846,30,12869.538002
0.730791,30,12873.300001
-1.671187,30,12877.366501
-3.052111,30,12881.6105
0.907336,30,12890.226501
1.005012,30,12895.045001
0.904805,30,12899.703999
1.927147,30,12903.2985
0.570711,30,12912.0765
-8.334887,30,12916.457
1.702083,30,12921.011001
1.505001,30,12925.410001
1.038677,30,12933.247
0.849149,30,12937.114501
1.015136,30,12940.769501
-1.388407,30,12944.456001
1.081031,30,12948.141501
-10.614844,30,12955.635
1.240257,30,12959.9905
-6.731376,30,12964.059498
1.441849,30,12968.650001
1.603148,30,12976.355
-3.199881,30,12980.478001
1.576395,30,12984.893499
1.76108,30,12989.0395
1.289798,30,12996.868
0.57002,30,13001.085501
1.428259,30,13004.5325
0.9087,30,13008.912501
-1.642693,30,13012.819001
0.502269,30,13020.5795
1.729435,30,13025.165001
1.768097,30,13029.480001
0.934907,30,13034.662001
1.673155,30,13042.797001
1.327285,30,13047.485501
-1.470198,30,13051.716999
0.715625,30,13056.239501
1.614472,30,13064.842001
-0.107621,30,13069.5875
0.565415,30,13073.778001
1.078206,30,13078.287001
1.530338,30,13086.316
0.751748,30,13090.669
-0.38346,30,13094.9195
-4.518884,30,13100.006501
1.398147,30,13103.674001
1.382209,30,13111.976999
-4.126591,30,13116.478501
1.589983,30,13121.309998
1.180365,30,13125.459501
1.763388,30,13133.186502
1.555326,30,13137.199501
-7.118768,30,13141.4005
-5.935072,30,13146.280001
1.120207,30,13154.4095
0.952461,30,13158.786501
0.361676,30,13162.7585
1.470501,30,13166.820501
0.208548,30,13174.717501
0.948237,30,13179.195001
-1.915732,30,13183.432501
0.661916,30,13187.498
0.236229,30,13191.395001
-0.37877,30,13200.566001
1.44564,30,13204.869501
1.363797,30,13209.084
-8.180154,30,13212.794
1.642257,30,13221.459501
-0.147796,30,13225.420501
1.234422,30,13229.532001
1.560508,30,13233.823498
-0.262669,30,13241.442502
0.627915,30,13245.447
1.512024,30,13249.723499
1.409067,30,13253.841999
1.540521,30,13261.911501
0.069249,30,13265.545001
0.785898,30,13269.426499
1.00257,30,13273.7815
1.15017,30,13278.053501
-5.20182,30,13286.371501
1.290538,30,13290.679001
-5.40775,30,13294.8485
0.676167,30,13299.0985
1.238636,30,13306.876499
1.177089,30,13311.276001
-2.868222,30,13315.761501
1.255987,30,13320.400501
1.241983,30,13328.237501
0.982519,30,13331.970501
1.742549,30,13336.135501
1.536912,30,13340.585999
0.34995,30,13345.447501
1.311873,30,13353.865501
1.442255,30,13358.4995
1.515801,30,13363.096001
1.334183,30,13367.214
1.464555,30,13375.324001
1.115096,30,13379.5745
1.23506,30,13384.075001
0.907059,30,13388.001
-4.517261,30,13395.770501
-7.518251,30,13399.6395
0.181077,30,13403.929501
-1.887337,30,13408.037497
1.05483,30,13416.136501
1.541776,30,13420.104501
1.676646,30,13423.768501
1.709826,30,13427.609
1.222732,30,13431.744999
0.958242,30,13440.3285
1.583875,30,13444.255501
1.209212,30,13447.903001
-7.160846,30,13451.742
-3.704502,30,13459.930501
0.975285,30,13463.826498
-2.486189,30,13467.625501
1.118442,30,13472.163499
1.365481,30,13480.3345
1.462518,30,13484.304501
-8.625245,30,13488.697501
0.926654,30,13492.8845
1.690024,30,13500.889501
-3.08306,30,13504.9485
1.432133,30,13509.622499
1.619266,30,13513.599501
-6.157662,30,13517.605
-1.216705,30,13526.053
0.301315,30,13529.711
1.139953,30,13533.341001
0.378091,30,13537.418501
-2.878615,30,13545.056001
-4.209427,30,13549.01
1.360781,30,13553.825501
-1.437512,30,13558.0995
1.190556,30,13566.0345
1.112797,30,13569.943499
0.936347,30,13573.645001
1.612277,30,13578.3555
0.940822,30,13586.921501
0.511697,30,13591.003001
0.736155,30,13595.041
-5.797708,30,13599.235501
0.434568,30,13603.357499
-8.48124,30,13611.209501
1.625279,30,13615.0995
0.970296,30,13619.423501
1.49559,30,13624.045499
0.048969,30,13632.553501
1.147228,30,13636.4085
1.626022,30,13640.105001
1.789325,30,13645.217501
-9.753714,30,13654.021499
1.145602,30,13657.7555
1.160047,30,13661.737499
1.408222,30,13665.718001
1.186563,30,13669.297499
-4.87958,30,13677.692501
0.932205,30,13681.401999
0.888587,30,13685.314001
0.928603,30,13689.670501
1.722426,30,13698.273001
1.777636,30,13701.997501
1.052726,30,13705.7345
1.632341,30,13709.775501
-5.269953,30,13718.315503
0.65139,30,13722.7525
1.44553,30,13727.223
1.361899,30,13731.7615
1.136157,30,13739.461001
-8.749512,30,13743.836501
-6.284051,30,13747.955001
1.448795,30,13752.626999
-4.895215,30,13756.4765
1.17256,30,13764.981001
0.65889,30,13769.1295
1.621947,30,13772.766001
0.902426,30,13776.501499
1.597911,30,13785.245
1.165999,30,13789.4515
1.986607,30,13794.0945
-3.181161,30,13798.6655
-1.937805,30,13807.421501
-8.664589,30,13811.600001
0.803519,30,13816.198499
1.077728,30,13820.990501
-0.152821,30,13829.076998
0.965441,30,13833.658501
-3.60206,30,13837.813
0.473769,30,13841.716001
0.537901,30,13845.7795
0.633066,30,13853.775
1.622021,30,13858.422001
1.084854,30,13862.392502
1.364616,30,13866.7365
1.576323,30,13875.048001
0.600425,30,13879.365001
1.005953,30,13883.754001
1.340444,30,13888.115
-4.451953,30,13895.809501
0.08245,30,13899.345501
-1.655891,30,13903.7965
1.037731,30,13908.600501
-4.596398,30,13916.150501
1.799892,30,13920.906001
0.788751,30,13925.825
0.711554,30,13930.462999
-9.752824,30,13935.769998
1.802893,30,13944.655001
0.831996,30,13949.356001
1.275143,30,13952.7995
1.524037,30,13956.674001
-7.260158,30,13965.265501
1.626819,30,13969.910001
1.335032,30,13973.728498
-0.004022,30,13977.759001
-2.991682,30,13985.5135
1.304031,30,13990.968499
1.289107,30,13994.862
1.661567,30,13998.671499
-3.215058,30,14002.334999
1.6342,30,14010.113999
-4.787999,30,14014.835501
1.186712,30,14018.966001
0.142903,30,14022.605
1.010998,30,14030.868501
-2.960747,30,14035.3875
1.096544,30,14039.629501
-5.405458,30,14043.493498
0.556694,30,14051.404501
1.290984,30,14056.485
-3.806504,30,14059.967001
-9.84991,30,14064.228001
1.716232,30,14072.714501
0.432921,30,14076.649001
-2.998695,30,14080.851001
-3.694886,30,14084.859
-6.234752,30,14088.603001
0.862752,30,14096.7045
1.179898,30,14100.8975
0.842727,30,14105.102502
1.551385,30,14109.593501
0.827242,30,14117.360501
0.678466,30,14122.145501
0.486228,30,14127.2265
-3.856935,30,14130.663501
-2.447902,30,14138.7865
-2.42927,30,14143.072001
-4.298671,30,14147.5735
-10.037569,30,14151.479501
0.93135,30,14159.145999
1.343912,30,14163.243001
0.7736,30,14167.286001
-6.626872,30,14171.054999
1.120841,30,14175.256001
0.318269,30,14184.519999
1.134898,30,14188.376501
0.887087,30,14192.3815
0.764323,30,14196.591
0.236481,30,14204.9075
1.206486,30,14209.3165
0.872737,30,14214.011
-9.819443,30,14218.1625
0.772199,30,14226.376001
1.118832,30,14230.426
1.780381,30,14235.391501
1.408235,30,14240.1625
1.251979,30,14247.8485
1.319992,30,14252.3995
1.316382,30,14256.711001
0.898135,30,14261.690001
1.59915,30,14266.277501
-1.818954,30,14275.311001
1.249295,30,14278.813
-8.44246,30,14283.6785
1.436644,30,14287.551501
0.809992,30,14295.476501
0.918901,30,14299.917001
-2.176966,30,14303.600001
-9.38877,30,14308.206501
1.805749,30,14316.259001
1.216091,30,14319.948501
1.097806,30,14324.402501
1.38796,30,14329.474501
-4.895104,30,14333.4535
1.566218,30,14341.262499
1.317068,30,14345.518001
-10.337829,30,14350.1025
0.565493,30,14353.879501
0.824957,30,14361.885001
1.765643,30,14366.6595
1.483239,30,14370.902
1.65949,30,14375.265001
-4.180588,30,14383.076001
1.265183,30,14387.7585
1.531132,30,14393.012501
1.255699,30,14398.051
-5.80427,30,14407.268501
1.844597,30,14411.977
1.561726,30,14416.706501
1.541319,30,14421.4065
-0.024411,30,14426.245501
1.177459,30,14434.802501
1.602192,30,14438.987501
-9.205614,30,14443.621501
-2.710017,30,14447.505001
-1.748922,30,14454.778001
-3.142312,30,14458.844501
1.602938,30,14462.805501
1.420619,30,14467.149497
0.613367,30,14475.6785
1.192507,30,14479.668
1.900367,30,14483.9565
1.797385,30,14488.091
1.345577,30,14496.091001
-3.034404,30,14500.2765
1.142707,30,14504.179501
1.626926,30,14508.697501
1.236356,30,14512.490999
1.553169,30,14520.856001
1.453507,30,14524.340001
0.158262,30,14528.269497
0.584335,30,14532.946
0.556365,30,14541.672501
1.623085,30,14545.665
1.364221,30,14549.6055
-10.840938,30,14554.194
1.397882,30,14562.303501
-6.006509,30,14566.463
-5.193505,30,14570.616501
-3.95228,30,14574.760001
1.648589,30,14583.4665
1.267803,30,14586.936501
0.774819,30,14591.328001
0.769037,30,14595.827501
0.000221,30,14599.8425
-3.840009,30,14608.281999
-2.267945,30,14612.477001
1.386125,30,14617.157501
-4.926028,30,14621.999001
1.232517,30,14630.599501
-5.299283,30,14634.585501
1.511627,30,14638.752501
-1.70992,30,14642.961
-3.114527,30,14650.365501
-6.563262,30,14654.822501
1.118229,30,14659.092001
1.380711,30,14663.316499
1.193401,30,14667.182
1.269767,30,14675.393499
1.117779,30,14679.093001
1.622012,30,14683.169001
1.365612,30,14686.922002
1.500584,30,14694.921
1.207119,30,14698.683501
-4.174616,30,14703.056501
1.15074,30,14707.7795
-0.092259,30,14716.113501
1.182113,30,14720.290501
-3.631441,30,14723.922001
0.717229,30,14727.7385
1.584862,30,14736.391998
-7.607478,30,14740.435997
1.638324,30,14744.967501
0.32133,30,14749.425503
0.545553,30,14753.62
0.321808,30,14761.210001
0.435166,30,14765.431001
1.270417,30,14769.596501
-7.12878,30,14773.496001
1.380903,30,14782.2055
1.348194,30,14786.6005
-10.685895,30,14791.0035
-7.235247,30,14795.073
0.118435,30,14803.265001
-3.834601,30,14807.524501
1.627378,30,14811.227001
0.243486,30,14815.433501
1.564687,30,14824.186001
-3.602859,30,14828.513001
1.61013,30,14833.007001
0.988015,30,14837.7965
1.428727,30,14842.827501
-1.386107,30,14850.845999
-5.021757,30,14854.621
1.503362,30,14858.507001
1.013187,30,14862.2305
1.177094,30,14870.8705
1.437945,30,14875.005001
1.371233,30,14879.063001
0.922386,30,14882.967502
-0.180347,30,14890.883499
1.383234,30,14895.389001
1.205804,30,14899.52
1.013252,30,14904.209002
1.088701,30,14911.898501
1.487511,30,14916.189501
-9.276314,30,14920.592501
1.013636,30,14924.695501
0.793005,30,14929.469001
-4.670335,30,14937.454501
1.256361,30,14942.1635
1.047808,30,14946.859501
1.47647,30,14950.738001
-9.465017,30,14958.733001
-1.752214,30,14962.639501
-3.958427,30,14967.068002
-1.234465,30,14971.414001
-9.186805,30,14979.482502
-1.710542,30,14983.124001
1.524767,30,14988.394001
1.730926,30,14992.8915
-6.403293,30,14997.387501
-2.030755,30,15006.174001
1.458718,30,15011.2795
1.25605,30,15015.680501
-4.597384,30,15019.833
-4.551981,30,15027.806501
1.324545,30,15031.8185
1.478633,30,15036.587
1.519176,30,15040.981001
1.666917,30,15049.522999
1.629674,30,15054.103001
-7.323105,30,15057.656501
-9.444382,30,15061.895998
1.187908,30,15070.3565
1.637049,30,15074.876001
1.520652,30,15078.672999
-3.221515,30,15083.393501
0.925392,30,15088.636001
-2.788392,30,15096.625001
0.881113,30,15100.955001
0.955185,30,15105.109001
1.461658,30,15108.928501
1.498191,30,15117.821001
1.128904,30,15122.098501
1.428869,30,15126.119001
0.686521,30,15130.5525
1.416636,30,15138.758001
0.356794,30,15142.901001
-3.534953,30,15147.394501
-1.227562,30,15151.377
1.031065,30,15159.648999
1.246103,30,15164.213001
0.523347,30,15168.892001
-6.062217,30,15172.628999
1.422804,30,15176.394001
1.405392,30,15184.645501
1.021002,30,15189.452501
1.359972,30,15194.155001
-4.108415,30,15197.862001
1.548173,30,15205.853999
1.267798,30,15210.1185
1.040308,30,15214.206501
1.361867,30,15218.652
0.593691,30,15226.985502
0.333832,30,15231.702001
1.138795,30,15235.502001
1.256596,30,15239.4995
1.588477,30,15247.426001
1.275627,30,15252.1355
1.654081,30,15256.182499
-2.220315,30,15260.880999
1.040871,30,15265.255001
1.61272,30,15274.5065
1.206116,30,15278.674501
1.724517,30,15283.268
0.171913,30,15287.351001
-3.234742,30,15295.268501
0.501746,30,15299.569501
-3.462322,30,15303.390501
1.169991,30,15307.457001
0.32693,30,15316.0035
0.738329,30,15320.058002
0.217012,30,15324.565001
1.367225,30,15329.0175
1.163299,30,15333.489999
0.903171,30,15342.171499
0.233438,30,15346.109
1.440982,30,15350.960001
1.14146,30,15355.960499
1.254552,30,15364.021001
1.010786,30,15368.3455
1.585569,30,15372.0225
1.255817,30,15376.415999
1.320963,30,15384.804501
1.430846,30,15389.070498
1.699716,30,15393.390001
1.208446,30,15398.047001
1.507648,30,15406.486001
-3.368195,30,15411.0015
1.50054,30,15415.651501
0.573807,30,15420.237501
1.249784,30,15424.375001
1.224574,30,15432.883
1.088479,30,15437.501999
0.748563,30,15441.6255
-4.203724,30,15445.793001
1.556375,30,15454.052001
-1.477602,30,15458.362001
1.35341,30,15462.590001
-8.805843,30,15467.070001
0.845647,30,15475.607501
1.760908,30,15480.306001
-8.075338,30,15484.365501
-1.327352,30,15488.518501
1.436414,30,15496.346001
1.420861,30,15500.282501
0.955547,30,15504.151001
-5.151021,30,15507.834501
1.362706,30,15512.696001
-9.756948,30,15521.168
1.326241,30,15524.956001
1.388418,30,15529.339
1.239773,30,15533.317001
1.066743,30,15542.060501
1.432072,30,15546.551501
1.076904,30,15551.0885
1.301807,30,15555.704501
-5.778773,30,15563.360001
1.741138,30,15567.722
1.504912,30,15571.708001
1.009492,30,15575.2995
1.392501,30,15583.338001
-2.277403,30,15587.763001
1.002585,30,15593.1715
1.2258,30,15597.881
1.117042,30,15602.873
1.464816,30,15611.240001
0.723439,30,15616.1195
0.876298,30,15620.763001
-6.956139,30,15625.5325
1.377003,30,15634.064997
0.243158,30,15638.441001
0.26302,30,15642.8375
1.638947,30,15646.5975
1.670137,30,15654.466501
0.195409,30,15658.278501
1.537912,30,15663.001001
1.640644,30,15667.1505
-3.524354,30,15670.976001
0.233483,30,15678.851501
1.26245,30,15682.960001
1.473947,30,15687.546001
1.653105,30,15692.166501
-4.869573,30,15700.343501
0.296571,30,15704.246501
0.743154,30,15708.253
1.655742,30,15712.8885
-3.69234,30,15721.0255
-4.3423,30,15725.423001
0.983665,30,15729.791501
1.43307,30,15734.122501
-9.962285,30,15742.7945
1.490206,30,15747.3335
1.726954,30,15751.896002
1.029024,30,15756.225501
1.436335,30,15760.853501
1.294809,30,15769.0985
1.860722,30,15773.464001
0.635436,30,15778.173001
1.567202,30,15782.6305
-4.508188,30,15790.751001
-10.497505,30,15795.323001
1.16791,30,15799.507501
1.758181,30,15804.129001
0.59778,30,15812.3575
1.817482,30,15816.787001
1.343844,30,15820.774001
-8.371491,30,15824.6445
1.696462,30,15833.509
-10.182147,30,15837.659501
1.630999,30,15842.703501
1.780595,30,15847.0055
1.581686,30,15851.365
1.049599,30,15859.540001
0.883692,30,15863.7735
1.600715,30,15868.305001
1.899603,30,15873.0755
-4.236359,30,15880.821998
-4.398845,30,15885.054501
1.573,30,15890.3665
1.301368,30,15894.959502
1.753105,30,15903.741001
1.675067,30,15907.623501
1.278263,30,15912.136501
1.170594,30,15916.519502
-8.993279,30,15924.368001
0.804174,30,15928.754499
1.531623,30,15933.548999
1.141473,30,15937.592501
0.94099,30,15942.147001
-1.169534,30,15950.174001
0.068659,30,15954.414999
1.290602,30,15958.646001
1.321066,30,15963.104001
1.4331,30,15972.186
1.477756,30,15976.968001
0.819178,30,15981.080001
-9.03106,30,15984.456501
1.58014,30,15992.204999
-5.056406,30,15996.554
1.284219,30,16001.135001
1.232998,30,16005.400001
1.017034,30,16009.961501
1.513141,30,16017.822502
-2.686695,30,16021.938999
-7.066709,30,16025.907501
1.071651,30,16030.67
1.476964,30,16039.260501
0.929468,30,16043.854501
0.983554,30,16048.420001
-10.662847,30,16053.335001
-8.19704,30,16061.132501
1.444522,30,16065.3625
-9.538309,30,16069.6345
-0.194852,30,16074.323501
1.067726,30,16082.276001
1.374362,30,16086.539501
0.475669,30,16090.298499
1.544986,30,16094.962001
1.511055,30,16099.389
1.523382,30,16106.9815
1.354566,30,16112.0495
-1.61136,30,16116.678501
-10.078948,30,16120.939001
0.954839,30,16129.186001
0.699544,30,16133.682501
1.04146,30,16138.006001
1.607439,30,16142.314001
1.230291,30,16150.076
-9.233597,30,16154.861501
1.568781,30,16158.946
0.858838,30,16163.360501
-7.770572,30,16171.5265
1.783925,30,16175.603501
0.884569,30,16180.047
1.545395,30,16184.329001
1.209053,30,16189.178001
1.56074,30,16197.835501
1.245796,30,16202.5355
0.592618,30,16207.312501
-0.142451,30,16211.443001
1.749578,30,16219.776501
1.131684,30,16224.056501
1.441901,30,16227.9105
1.324934,30,16231.358999
1.498236,30,16239.207999
-0.100955,30,16243.069501
0.096621,30,16247.840001
1.726495,30,16251.832001
1.113263,30,16259.901999
0.519784,30,16263.512501
0.399734,30,16267.475001
1.420102,30,16272.061001
1.819173,30,16276.786501
1.464247,30,16285.197998
1.323156,30,16289.703002
-4.904757,30,16293.208501
1.457752,30,16297.964
1.317397,30,16307.306001
1.838108,30,16312.265002
1.492306,30,16316.5465
0.485824,30,16320.381001
0.252485,30,16328.506001
-8.972845,30,16332.798001
1.062642,30,16337.401
1.175315,30,16341.663
-0.051123,30,16345.4475
1.43841,30,16353.533001
-9.523501,30,16357.454501
1.138408,30,16361.875
0.851972,30,16366.104501
0.833631,30,16375.358
1.367412,30,16379.5695
1.520197,30,16384.042501
0.900859,30,16388.7115
